feature,snull
PVDATE,5.0
PB084,2.0
PB000,2.0
PB132,5.0
PB002,1.0
PB003M,5.0
PB006,1946.0
PB085,1.0
PB086,5.0
PB087,1976.0
PB014,12.0
PB015,1.0
PB016,1.0
PB017M,2.0
PB019,1.0
PB099,5.0
PB100,1.0
PB101,5.0
PB102,1.0
PB103,5.0
PB104,5.0
PB105,5.0
PB107,5.0
PB108,5.0
PB109,5.0
PB110,5.0
PB111,5.0
PB112,5.0
PB113,5.0
PB114,5.0
PB116,5.0
PB117,5.0
PB118,5.0
PB119,5.0
PB120,5.0
PB122,5.0
PB123,5.0
PB124,5.0
PB125M1M,133.0
PB127_3,16.0
PB129_3,12.0
PB127_4,6.0
PB129_4,8.0
PB127_7,14.0
PB129_7,14.0
PB127_9,96.0
PB020,3.0
PB021,5.0
PB022,5.0
PB023,5.0
PB024M,21.0
PB025,5.0
PB078,5.0
PB079,3.0
PB080,5.0
PB081,3.0
PB026,8.0
PB027,12.0
PB088,3.0
PB028,5.0
PB029M1M,7.0
PB089M1M,1.0
PB091M,2.0
PB135,2.0
PB033,2.0
PB034,2.0
PB035,5.0
PB036,1946.0
PB037,1951.0
PB038,5.0
PB096,3.0
PB097,1.0
PB039,2015.0
PB040,7.0
PB041M1,1.0
PB041M2,1.5
PB047M,5.0
PB049,5.0
PB050,1.0
PB052M,11.0
PB082,2.0
PB054,1.0
PB055,5.0
PB056,98.0
PB057,2015.0
PB058,5.0
PB059,1.0
PB060,2015.0
PB061,5.0
PB065,2.0
PB066_1,1969.0
PB067_1,6.0
PB068_1,4.0
PB070_1,2.0
PB066_2,2015.0
PB067_2,7.0
PB068_2,5.0
PB070_2,9.0
PB066_3,2015.0
PB067_3,3.0
PB063,1.0
PB076,1.0
PC001,3.0
PC002,2.0
PC005,1.0
PC006,1.0
PC010,5.0
PC285,1.0
PC214,9998.0
PC011,1.0
PC012,5.0
PC236,5.0
PC018,5.0
PC019,1.0
PC020,8.0
PC232U1,0.0
PC023,2.0
PC024,5.0
PC028,2015.0
PC029,3.0
PC030,5.0
PC031,2.0
PC032,1.0
PC033,5.0
PC034,5.0
PC036,5.0
PC037,1.0
PC038,1.0
PC039,2.0
PC257,5.0
PC258,2001.0
PC274,1.0
PC276,2008.0
PC040,5.0
PC041,1.0
PC042,1.0
PC043,2015.0
PC044,2.0
PC260,5.0
PC261,1995.0
PC045,5.0
PC046,1.0
PC263,5.0
PC264,2002.0
PC048,5.0
PC049,5.0
PC050,1.0
PC266,5.0
PC267,1987.0
PC269,5.0
PC282,1.0
PC270M1,6.0
PC270M2,6.0
PC051,5.0
PC052,5.0
PC053,5.0
PC054,5.0
PC055,5.0
PC060,1.0
PC061,5.0
PC062,5.0
PC064,2015.0
PC063,6.0
PC065,5.0
PC271,5.0
PC067,5.0
PC272,5.0
PC273,5.0
PC210,1.0
PC070,1.0
PC071,2.0
PC076,5.0
PC218,1.0
PC077M1,2.0
PC077M2,5.0
PC219,1.0
PC220,5.0
PC222,5.0
PC240,5.0
PC246,5.0
PC283,5.0
PC280,5.0
PC281,5.0
PC079,5.0
PC080,1.0
PC081,5.0
PC082,5.0
PC087,5.0
PC088,31.0
PC089,1.0
PC090,1.0
PC095,3.0
PC096,3.0
PC097,3.0
PC098,5.0
PC284,5.0
PC099,2.0
PC100,1.0
PC101,5.0
PC237,5.0
PC102,5.0
PC103,3.0
PC083,3.0
PC084,2.0
PC085,3.0
PC086,1.0
PC289,2.0
PC290,0.0
PC291,5.0
PC292,1.0
PC296,5.0
PC293M1,2.0
PC293M2,97.0
PC104,5.0
PC105,2.0
PC106,1.0
PC287,1.0
PC288,5.0
PC107,5.0
PC108M1M,112.0
PC108M2M,112.0
PC278,5.0
PC109,1.0
PC110,1.0
PC112,1.0
PC113,5.0
PC249,5.0
PC250,76.0
PC251,1.0
PC253,50.0
PC254,1.0
PC255,1.0
PC256,5.0
PC114,1.0
PC279,5.0
PC223,4.0
PC224,1.0
PC225,1.0
PC116,1.0
PC117,5.0
PC118,10.0
PC119,1.0
PC120,17.0
PC123,20.0
PC124,2.0
PC125,40.0
PC128,5.0
PC129,0.0
PC130,1.0
PC131,0.0
PC134,2.0
PC135,5.0
PC136,5.0
PC137,5.0
PC138,5.0
PC139,160.0
PC140,5.0
PC226,150.0
PC228,64.0
PC141,5.0
PC142,0.0
PC143,5.0
PC144,5.0
PC145,5.0
PC146,5.0
PC147,5.0
PC148,5.0
PC149,5.0
PC229,0.0
PC150,5.0
PC151,4.0
PC152,1.0
PC153,1.0
PC154,1.0
PC155,1.0
PC156,5.0
PC157,1.0
PC158,2.0
PC159,1.0
PC160,1.0
PC161,1.0
PC162,1.0
PC163,52.0
PC164,2.0
PC165,1.0
PC166,3.0
PC167,5.0
PC168,3.0
PC169,3.0
PC170,1.0
PC171,1.0
PC172,5.0
PC173,5.0
PC174,2.0
PC175,1.0
PC176,1.0
PC177,1.0
PC178,1.0
PC179,4.0
PC180,6.0
PC182,98.0
PC183,1.0
PD101,3.0
PD102,2.0
PD103,1.0
PD104,21.0
PD182M1,4.0
PD182M2,18.0
PD182M3,10.0
PD182M4,2.0
PD182M5,51.0
PD182M6,51.0
PD182M7,51.0
PD182M8,2.0
PD182M9,1.0
PD182M10,6.0
PD182M11,25.0
PD174,5.0
PD175,0.0
PD176,5.0
PD177,0.0
PD108M1,4.0
PD108M2,2.0
PD108M3,3.0
PD110,5.0
PD111,5.0
PD112,5.0
PD113,1.0
PD114,5.0
PD115,1.0
PD116,5.0
PD117,5.0
PD120,1.0
PD122,1.0
PD124,1.0
PD125,1.0
PD127,1.0
PD129,5.0
PD142,93.0
PD143,86.0
PD144,79.0
PD145,72.0
PD146,65.0
PD189,3.0
PD183M1,30.0
PD183M2,8.0
PD183M3,10.0
PD183M4,51.0
PD183M5,51.0
PD183M6,51.0
PD183M7,51.0
PD183M8,51.0
PD183M9,1.0
PD183M10,27.0
PD183M11,52.0
PD184,4.0
PD185,0.0
PD186,6.0
PD187,0.0
PD191,3.0
PD150,1.0
PD151,1.0
PD152,1.0
PD153,1.0
PD154,1.0
PD155,1.0
PD156,1.0
PD157,1.0
PD158,1.0
PD161,2.0
PD163,2.0
PD165,2.0
PD167,1.0
PD169,0.0
PD178,100.0
PD179,400000.0
PD180,240.0
PD196,15.0
PD197,5.0
PD198,1.0
PD199,1.0
PD245M1,6.0
PD245M2,5.0
PD245M3,4.0
PD200,1.0
PD240,1.0
PD241,1.0
PD242,1.0
PD201,1.0
PD202,1.0
PD203,5.0
PD204,1.0
PD205,1.0
PD206,5.0
PD207,1.0
PD208,1.0
PD209,5.0
PD210,5.0
PD211,5.0
PD212,5.0
PD213,1.0
PD214,1.0
PD215,5.0
PD221,1.0
PD222,5.0
PD223,5.0
PD224,1.0
PD225,1.0
PD226,5.0
PD227,1.0
PD228,5.0
PD229,5.0
PD230,5.0
PD231,1.0
PD232,5.0
PD233,1.0
PD234,5.0
PD235,5.0
PD216,1.0
PD217,0.0
PD170,10.0
PD172,1.0
PD171,1.0
PD501,5.0
PD506,2.0
PD507,2.0
PD508,5.0
PD509,2.0
PD510,2.0
PD511,5.0
PD512,2.0
PD513,2.0
PD514,5.0
PD515,2.0
PD516,2.0
PD517,5.0
PD518,2.0
PD519,2.0
PD520,5.0
PD521,2.0
PD522,2.0
PD523,5.0
PD524,3.0
PD525,2.0
PD526,5.0
PD527,2.0
PD528,2.0
PD529,5.0
PD530,2.0
PD531,2.0
PD532,5.0
PD533,2.0
PD534,2.0
PD535,5.0
PD536,2.0
PD537,1.0
PD538,5.0
PD539,2.0
PD540,2.0
PD541,5.0
PD542,2.0
PD543,2.0
PD544,5.0
PD545,2.0
PD546,2.0
PD547,5.0
PD548,2.0
PD549,2.0
PD550,5.0
PD551,2.0
PD552,2.0
PD553,5.0
PD554,5.0
PD555,5.0
PD556,1.0
PD557,5.0
PF001,5.0
PF002,91.0
PF003,1.0
PF004,1.0
PF233,5.0
PF234,5.0
PF006,93.0
PF007,2.0
PF008,2015.0
PF009,1.0
PF010,5.0
PF011,5.0
PF012,88.0
PF013,1.0
PF014,1.0
PF235,5.0
PF236,5.0
PF016,100.0
PF017,98.0
PF018,2011.0
PF019,5.0
PF020,5.0
PF021,1.0
PF022,5.0
PF023,5.0
PF024,1.0
PF025,1.0
PF027,2.0
PF035,5.0
PF036M,8.0
PF038,1.0
PF039,1.0
PF041,5.0
PF042,2.0
PF043,2.0
PF046,8.0
PF050,8.0
PF051,5.0
PF052M,5.0
PF054,1.0
PF055,2.0
PF057,5.0
PF058,3.0
PF059,2.0
PF067,5.0
PF068M,5.0
PF070,1.0
PF071,2.0
PF073,0.0
PF074,5.0
PF075,1.0
PF076,0.0
PF077,1.0
PF078,2.0
PF080,1.0
PF081,1.0
PF232,1.0
PF029,997
PF045,501
PF061,604
PF104,5.0
PF105M1,1.0
PF107_1,999998.0
PF109_1,1001.0
PF110_1,99999996.0
PF112,5.0
PF113M1,1.0
PF114_1M1,993
PF114_1M2,602
PF114_1M3,607
PF114_1M4,606
PF114_1M5,604
PF114_1M6,609
PF117_1,990
PF119,5.0
PF120M1,1.0
PF122_1,9998.0
PF124_1,501.0
PF125_1,5000.0
PF127_1,0.0
PF129_1,0.0
PF130_1,199.0
PF132,5.0
PF133M1,1.0
PF133M2,2.0
PF135_1A,601
PF135_1B,603
PF135_1C,603
PF135_1D,655
PF135_1E,657
PF135_1F,658
PF135_1G,610
PF137_1,601
PF135_2A,606
PF135_2B,604
PF137_2,601
PF139,5.0
PF140M1,1.0
PF140M2,1.0
PF142_1,9998.0
PF144_1,501.0
PF145_1,5000.0
PF147_1,0.0
PF149_1,0.0
PF150_1,199.0
PF142_2,0.0
PF152,5.0
PF153M1,1.0
PF154_1,500.0
PF156_1,1001.0
PF157_1,99999996.0
PF158_1,98.0
PF174,1.0
PF175,5.0
PF176,1.0
PF177,1.0
PF184,1.0
PG001,5.0
PG002,1.0
PG003,1.0
PG004,5.0
PG005,5.0
PG006,1.0
PG007,5.0
PG008,1.0
PG009,5.0
PG010,5.0
PG011,5.0
PG012,5.0
PG013,0.0
PG014,5.0
PG015,1.0
PG016,5.0
PG017,5.0
PG018M1,3.0
PG018M2,3.0
PG018M3,10.0
PG018M4,9.0
PG020,1.0
PG021,5.0
PG022,1.0
PG023,5.0
PG024,5.0
PG025,5.0
PG026,5.0
PG027M1,2.0
PG027M2,2.0
PG027M3,10.0
PG027M4,10.0
PG029,1.0
PG030,5.0
PG031,5.0
PG032_1,083
PG033_1,2.0
PG035_1,5.0
PG032_2,083
PG033_2,6.0
PG035_2,5.0
PG032_3,083
PG033_3,6.0
PG035_3,5.0
PG032_4,083
PG033_4,6.0
PG035_4,5.0
PG032_5,103
PG033_5,6.0
PG035_5,1.0
PG032_6,084
PG033_6,9.0
PG035_6,5.0
PG032_7,085
PG033_7,6.0
PG036,1.0
PG037,1.0
PG207,1.0
PG038,1.0
PG039,2.0
PG040,5.0
PG041,5.0
PG042,5.0
PG043,1.0
PG044,5.0
PG045,1.0
PG046,1.0
PG047,5.0
PG048,1.0
PG049,1.0
PG050,5.0
PG051,5.0
PG052,1.0
PG053,1.0
PG054_1,083
PG055_1,2.0
PG057_1,5.0
PG054_2,083
PG055_2,6.0
PG057_2,5.0
PG054_3,084
PG055_3,6.0
PG057_3,5.0
PG054_4,103
PG055_4,6.0
PG057_4,5.0
PG054_5,083
PG055_5,3.0
PG057_5,5.0
PG054_6,201
PG055_6,20.0
PG058,5.0
PG059,5.0
PG060,5.0
PG061,1.0
PG062_1,101
PG063_1,6.0
PG065_1,5.0
PG062_2,102
PG063_2,6.0
PG208,2.0
PG209,4.0
PG210,3.0
PG086,5.0
PG195,1.0
PG196,1.0
PG197,1.0
PG198,5.0
PG199,1.0
PG200,1.0
PG201,1.0
PG097,1.0
PG098M1,1.0
PG098M2,4.0
PG098M3,4.0
PG098M4,4.0
PG099M1,101
PG099M2,102
PG099M3,103
PG099M4,104
PG099M5,105
PG099M6,107
PG099M7,104
PG099M8,103
PG099M9,104
PG099M10,155
PG099M11,152
PG099M12,158
PG099M13,216
PG100M1,101
PG100M2,102
PG100M3,102
PG100M4,105
PG100M5,106
PG100M6,505
PG100M7,506
PG100M8,508
PG100M9,509
PG101,1.0
P085,2.0
P087,2.0
P090,3.0
P004,1.0
P017M1,96.0
P017M2,11.0
P017M3,11.0
P017M4,11.0
P017M5,11.0
P017M6,8.0
P017M7,11.0
P017M8,97.0
P008,5.0
P009,2.0
P018B,5.0
P018BM1,4.0
P018BM2,16.0
P018BM3,16.0
P018BM4,16.0
P018BM5,16.0
P018BM6,19.0
P018BM7,20.0
P018BM8,20.0
P018BM9,19.0
P018BM10,20.0
P018BM11,13.0
P018BM12,14.0
P018BM13,21.0
P018BM14,16.0
P018BM15,17.0
P018BM16,18.0
P018BM17,19.0
P018BM18,20.0
P018BM19,21.0
P018BM20,22.0
P022A,1.0
P024,3.0
P025,1.0
P026,1.0
P028,2.0
P029,1.0
P030,1.0
P037,3.0
P038,1.0
P039M1,6.0
P039M2,7.0
P039M3,4.0
P039M4,7.0
P044,5.0
P045M1,2.0
P045M2,5.0
P045M3,5.0
P046M1,6.0
P046M2,6.0
P046M3,5.0
P046M4,6.0
POBSVER,2.0
PPMELIG,1.0
PI800,2.0
PI800A,2.0
PI802,1.0
PI662,5.0
PI663,5.0
PI961,1.0
PI857,14:06:00
PI859,135.0
PI860,71.0
PI861,61.0
PI862,14:08:00
PI864,127.0
PI865,69.0
PI866,62.0
PI867,14:09:00
PI869,122.0
PI870,79.0
PI871,64.0
PI854,1.0
PI872,1.0
PI874,2.0
PI855M1,4.0
PI855M2,8.0
PI855M3,97.0
PI672,5.0
PI673,5.0
PI946,5.0
PI674,1.0
PI675,1.0
PI678,2.0
PI679,2.0
PI680,2.0
PI681,3.0
PI682,1.0
PI683M1,1.0
PI683M2,6.0
PI683M3,97.0
PI685M1,9.0
PI685M2,2.0
PI685M3,9.0
PI964,1.0
PI807,180.0
PI808,250.0
PI809,300.0
PI804,1.0
PI810,1.0
PI811,1.0
PI805M1,1.0
PI805M2,2.0
PI966,5.0
PI967,3.0
PI968,1.0
PI815,1.0
PI816,11.5
PI851,14.5
PI852,25.0
PI853,17.5
PI812,1.0
PI817,1.0
PI818,1.0
PI819,5.0
PI813M1,6.0
PI813M2,2.0
PI813M3,97.0
PI970,5.0
PI616,5.0
PI971,1.0
PI879,1.0
PI876,1.0
PI880,10.0
PI881,5.0
PI877M1,1.0
PI877M2,2.0
PI877M3,6.0
PI877M4,6.0
PI973,1.0
PI886,1.0
PI883,1.0
PI887,10.0
PI888,5.0
PI884M1,1.0
PI884M2,2.0
PI884M3,6.0
PI884M4,97.0
PI975,1.0
PI896,1.0
PI893,1.0
PI897,30.0
PI898,1.0
PI894M1,1.0
PI894M2,2.0
PI894M3,6.0
PI977,1.0
PI978,1.0
PI823,4.7
PI824,3.95
PI820,1.0
PI828,1.0
PI660,1.0
PI821M1,1.0
PI821M2,2.0
PI821M3,6.0
PI821M4,7.0
PI687M1,4.0
PI687M2,2.0
PI687M3,3.0
PI954M1,3.0
PI954M2,97.0
PI954M3,6.0
PI954M4,6.0
PI913,1.0
PI987,1.0
PI914,5.0
PI639,5.0
PI941M1,3.0
PI941M2,97.0
PI916M1,3.0
PI918,1.0
PI915,1.0
PI919M1,1.0
PI919M2,97.0
PI922,1.0
PI943M1,3.0
PI943M2,97.0
PI943M3,3.0
PI943M4,97.0
PI989,1.0
PI929,5.0
PI945,5.0
PI923,1.0
PI926M1,1.0
PI926M2,97.0
PI924M1,3.0
PI924M2,97.0
PI831,1.0
PI832M1,1.0
PI832M2,2.0
PI832M3,97.0
PI834,60.0
PI837,5.0
PI838,1.0
PI841,154.0
PI842,1.0
PI666,1.0
PI844,5.0
PI839M1,1.0
PI839M2,2.0
PI839M3,97.0
PI904,1.0
PI907,38.0
PI908M1,1.0
PI911,1.0
PI912,5.0
PI905M1,1.0
PI905M2,2.0
PI905M3,6.0
PI936,1.0
PJ005M1,5.0
PJ005M2,6.0
PJ005M3,6.0
PJ007,9.0
PJ008,2015.0
PJ010,1.0
PJ011,6.0
PJ012,2016.0
PJ014,98.0
PJ015,9998.0
PJ017,98.0
PJ018,2015.0
PJ020,5.0
PJ963,5.0
PJ612,52.0
PJ021,1.0
PJ958,1.0
PJ022,4.0
PJ677,6.0
PJ023,97.0
PJ024,2015.0
PJ678,0.0
PJ028,1.0
PJ679,0.0
PJW777_2,1.0
PJW778_2M1,98.0
PJW778_2M2,2.0
PJW778_2M3,3.0
PJW778_2M4,8.0
PJW777_3,1.0
PJW778_3M1,1.0
PJW778_3M2,2.0
PJW778_3M3,3.0
PJW778_3M4,9.0
PJW777_4,1.0
PJW778_4M1,98.0
PJW778_4M2,6.0
PJW778_4M3,7.0
PJW778_4M4,8.0
PJ680,1.0
PJ031,5.0
PJ032,999998.0
PJ036,6.0
PJ033,0.0
PJ034,624.0
PJ035,98.0
PJ038,1.0
PJ681,0.0
PJ039,999998.0
PJ043,6.0
PJ040,0.0
PJ041,3299.0
PJ042,98.0
PJ682,1.0
PJ045,1.0
PJ683,0.0
PJ055,5.0
PJW777_5,5.0
PJW777_6,1.0
PJW778_6M1,1.0
PJW778_6M2,2.0
PJW778_6M3,3.0
PJW778_6M4,4.0
PJW778_6M5,5.0
PJW778_6M6,11.0
PJW778_6M7,10.0
PJW777_7,1.0
PJW778_7M1,1.0
PJW778_7M2,2.0
PJW778_7M3,3.0
PJW778_7M4,4.0
PJW778_7M5,5.0
PJW778_7M6,6.0
PJW778_7M7,7.0
PJW778_7M8,8.0
PJW778_7M9,9.0
PJW777_8,1.0
PJW778_8M1,6.0
PJW778_8M2,7.0
PJW778_8M3,8.0
PJW778_8M4,9.0
PJW778_8M5,10.0
PJW778_8M6,11.0
PJW778_8M7,12.0
PJW778_8M8,10.0
PJW778_8M9,11.0
PJW786_2,5.0
PJ058,1.0
PJ684,2.0
PJ686,1.0
PJ063,97.0
PJ687,0.0
PJ064,2014.0
PJ067,999998.0
PJ071,1.0
PJ068,201.0
PJ069,99999996.0
PJ070,99.0
PJ688,0.0
PJ073M1,7.0
PJ073M2,7.0
PJ073M3,6.0
PJ075,5.0
PJ076M1,22.0
PJ076M2,5.0
PJ078,5.0
PJ079,5.0
PJ080,5.0
PJW777_10,1.0
PJW778_10M1,1.0
PJW778_10M2,2.0
PJW777_11,1.0
PJW778_11M1,1.0
PJW778_11M2,2.0
PJW778_11M3,3.0
PJW778_11M4,4.0
PJW778_11M5,5.0
PJW778_11M6,6.0
PJW778_11M7,7.0
PJW778_11M8,8.0
PJW778_11M9,9.0
PJW778_11M10,10.0
PJW778_11M11,11.0
PJW777_12,1.0
PJW778_12M1,98.0
PJW778_12M2,5.0
PJW778_12M3,6.0
PJW778_12M4,8.0
PJW778_12M5,9.0
PJW778_12M6,10.0
PJW778_12M7,10.0
PJW778_12M8,11.0
PJW778_12M9,12.0
PJ689,3.0
PJW788_2,1.0
PJ248,98.0
PJ249,1963.0
PJ252,1.0
PJ253,1.0
PJ166M,15.0
PJ168M,16.0
PJ169,98.0
PJ170,1956.0
PJ172,40.0
PJ173,1.0
PJ174,30.0
PJ175,0.0
PJ176,0.0
PJ177,6.0
PJ951,4.0
PJ952,2.0
PJ179,52.0
PJ703,0.0
PJ180,5.0
PJ181,2.0
PJ182,1.0
PJ733,0.0
PJ183,0.0
PJ184,5.0
PJ185,5.0
PJ186,1.0
PJ187,5.0
PJ188,9999998.0
PJ192,1.0
PJ189,0.0
PJ190,99999996.0
PJ191,99.0
PJ194,1.0
PJ195,9999998.0
PJ199,6.0
PJ196,0.0
PJ197,99999996.0
PJ198,99.0
PJ201,1.0
PJ957,7.0
PJ202,5.0
PJ203,999.0
PJ204,5.0
PJ205,2.0
PJ206,999999.0
PJ210,6.0
PJ207,0.0
PJ208,99999996.0
PJ209,99.0
PJ212,3.0
PJ213,1.0
PJ215,70.0
PJ216,10.0
PJ217,0.0
PJ218,99999996.0
PJ219,99.0
PJ220,6.0
PJ222,15.0
PJ223,0.0
PJ224,3.0
PJ225,3000.0
PJ226,4.0
PJ228,998.0
PJ229,11.0
PJ230,137.5
PJ231,11.0
PJ233,0.0
PJ234,1.0
PJ235,5.0
PJ236,98.0
PJ940,1.0
PJ941,1.0
PJ942,6.0
PJ943,6.0
PJ241,5.0
PJ242,5.0
PJ243,98.0
PJ244,999998.0
PJ245,7.0
PJ246,9999999998.0
PJ247,7.0
PJ691,0.0
PJ260,5.0
PJW777_13,1.0
PJW778_13M1,1.0
PJW778_13M2,2.0
PJW777_14,5.0
PJW778_14M1,1.0
PJW778_14M2,2.0
PJW778_14M3,3.0
PJW778_14M4,6.0
PJW778_14M5,8.0
PJW778_14M6,9.0
PJW777_15,1.0
PJW778_15M1,1.0
PJW778_15M2,2.0
PJW778_15M3,3.0
PJW778_15M4,4.0
PJW778_15M5,5.0
PJW778_15M6,12.0
PJW778_15M7,12.0
PJW778_15M8,8.0
PJW778_15M9,9.0
PJW778_15M10,10.0
PJW778_15M11,11.0
PJW777_16,5.0
PJW778_16M1,1.0
PJW778_16M2,2.0
PJW778_16M3,3.0
PJW778_16M4,4.0
PJW778_16M5,5.0
PJW778_16M6,6.0
PJW778_16M7,7.0
PJW778_16M8,8.0
PJW778_16M9,9.0
PJW778_16M10,10.0
PJW786_4,1.0
PJ263,5.0
PJ264,1.0
PJ720,5.0
PJ721,3.0
PJ266,5.0
PJ718,0.0
PJ500,3.0
PJ501,12.0
PJ502,1.0
PJ503,6.0
PJ676,1.0
PJ505,5.0
PJ506,1.0
PJ507,1.0
PJ508,3.0
PJ509M1,1.0
PJ509M2,53.0
PJ510M1,8.0
PJ510M2,6.0
PJ510M3,3.0
PJ512,3.0
PJ513,97.0
PJ514,5.0
PJ516,3.0
PJ517,5.0
PJ518,1.0
PJ519,2.0
PJ520M1,22.0
PJ520M2,22.0
PJ521,10.0
PJ522,1.0
PJ842,20001.0
PJ843,31999.0
PJ524M1,1.0
PJ524M2,6.0
PJ524M3,5.0
PJ524M4,4.0
PJ524M5,5.0
PJ526,97.0
PJ697,1.0
PJ698,0.0
PJ527,5.0
PJ528,1.0
PJ529,99999996.0
PJ533,1.0
PJ530,0.0
PJ531,99999996.0
PJ532,98.0
PJ535,9.0
PJ699,1.0
PJ538,4.0
PJ539,4.0
PJ540,4.0
PJ541,1.0
PJ542,1.0
PJ543,1.0
PJ544,4.0
PJ546,3.0
PJ547,3.0
PJ548,3.0
PJ549,3.0
PJ550,2.0
PJ551,3.0
PJ552,2.0
PJ553,5.0
PJ554M1,1.0
PJ554M2,2.0
PJ556,5.0
PJ557,52.0
PJ558,999998.0
PJ562,6.0
PJ559,0.0
PJ560,99999996.0
PJ561,99.0
PJ595,10.0
PJ596,5.0
PJW777_17,5.0
PJW778_17M1,1.0
PJW778_17M2,2.0
PJW778_17M3,3.0
PJW777_18,5.0
PJW778_18M1,1.0
PJW778_18M2,2.0
PJW778_18M3,3.0
PJW778_18M4,4.0
PJW778_18M5,5.0
PJW778_18M6,6.0
PJW778_18M7,7.0
PJW778_18M8,8.0
PJW778_18M9,9.0
PJW778_18M10,10.0
PJW777_19,1.0
PJW778_19M1,1.0
PJW778_19M2,2.0
PJW778_19M3,3.0
PJW778_19M4,4.0
PJW778_19M5,5.0
PJW778_19M6,6.0
PJW778_19M7,7.0
PJW778_19M8,8.0
PJW778_19M9,9.0
PJW778_19M10,10.0
PJW778_19M11,11.0
PJW777_20,1.0
PJW778_20M1,98.0
PJW778_20M2,5.0
PJW778_20M3,6.0
PJW778_20M4,7.0
PJW778_20M5,8.0
PJW778_20M6,9.0
PJW778_20M7,10.0
PJW778_20M8,11.0
PJW778_20M9,12.0
PJW778_20M10,12.0
PJW786_5,1.0
PJ599,40.0
PJ600,999998.0
PJ604,1.0
PJ601,0.0
PJ602,99999996.0
PJ603,98.0
PJ606,1.0
PJ607M1,2.0
PJ607M2,6.0
PJ609,5.0
PJ610M1,22.0
PJK003,1.0
PJK004,2016.0
PJK006,3.0
PJK007,1.0
PJK008M,5.0
PJK010M,13.0
PJKW788_1,1.0
PJK011,20.0
PJK012,5.0
PJK013,5.0
PJK014,52.0
PJK039,2.0
PJK015,11.25
PJK016,1.0
PJK018,500.0
PJK020,9999998.0
PJK021,6.0
PJK022,1966.0
PJK025,999998.0
PJK026,1.0
PJK028,5.0
PJK029M1,7.0
PJK029M2,10.0
PJK035,5.0
PJK036,98.0
PJL005,1.0
PJL006,3.0
PJL007,1.0
PJL009_1,2006.0
PJL012_1,2006.0
PJL013_1M,5.0
PJL015_1M,1.0
PJLW788_1,5.0
PJL016_1,1994.0
PJL020_1,40.0
PJL021_1,52.0
PJL096_1,1.0
PJL022_1,5.0
PJL023_1,6.0
PJL095_1,5.0
PJL025_1M1,7.0
PJL099,1.0
PJL009_2,1988.0
PJL012_2,1988.0
PJL013_2M,5.0
PJL015_2M,4.0
PJL016_2,1968.0
PJL020_2,40.0
PJL021_2,52.0
PJL096_2,1.0
PJL022_2,999998.0
PJL023_2,1.0
PJL095_2,5.0
PJL025_2M1,5.0
PJL068,1955.0
PJL102,5.0
PJL103,3.0
PJL105,4.0
PJL106,1.0
PJL107,4.0
PJL108,4.0
PJL109,4.0
PJ848,5.0
PJ849,5.0
PJ326,5.0
PJ851,5.0
PJ650,1.0
PJ3564,95.0
PJ3565,20.0
PJ3566M1,3.0
PJ3566M2,8.0
PJ3566M3,4.0
PJ3568,998.0
PJ3570,98.0
PJ3571,2018.0
PJ3572,98.0
PJ3573,2017.0
PJ3574,75.0
PJ3576,98.0
PJ3959,95.0
PJ3960,2051.0
PJ3700,0.0
PJ3578,1.0
PJ3579,1.0
PJ3580,98.0
PJ3581,9998.0
PJ3709,4.0
PJ3707,2.0
PJ3583,1.0
PJ3584,1.0
PJ3708,1.0
PJ3585,3.0
PJ3702,1.0
PJ3588_1,4.0
PJ3588_2,4.0
PJ3588_3,4.0
PJ3588_4,4.0
PJ3591_1,4.0
PJ3591_2,1.0
PJ3591_3,1.0
PJ3594_1,4.0
PJ3594_2,4.0
PJ3594_3,4.0
PJ3613,5.0
PJ3614,1.0
PJ3615,1.0
PJ3616_1,98.0
PJ3617_1,2015.0
PJ3619_1,8.0
PJ3621_1M1,8.0
PJ3623_1,999998.0
PJ3624_1,75000.0
PJ3625_1,75000.0
PJ3643_1,999998.0
PJ3644_1,5.0
PJ3645_1,1.0
PJ3646_1,5.0
PJL3040,5.0
PJL3041,1.0
PJL3042,1.0
PJL3043_1,2000.0
PJL3045_1M1,1.0
PJL3047_1,300000.0
PJL3061_1,1.0
PJL3062_1,1.0
PJL3110,5.0
PJL3111,12.0
PJ3478,1.0
PJ3479,5.0
PJ3719,1.0
PJ3480,98.0
PJ3910,6.0
PJ3481,999998.0
PJ3485,4.0
PJ3482,0.0
PJ3483,99999996.0
PJ3484,98.0
PJ3493,99998.0
PJ3497,4.0
PJ3494,0.0
PJ3495,1199.0
PJ3496,98.0
PJ3ASSIST,1.0
PJ2338_1,2.0
PJ2338_2,1.0
PJ2338_3,2.0
PJ2338_4,1.0
PJ2352_1,1.0
PJ2352_2,5.0
PJ2352_3,3.0
PJ2352_4,32.0
PJ2353_1,98.0
PJ2353_2,98.0
PJ2353_3,70.0
PJ2353_4,70.0
PJ2353_5,68.0
PJ2354_1,0.0
PJ2354_2,3.0
PJ2356_1,10.0
PJ2356_2,5.0
PJ2356_3,998.0
PJ2357_1,999998.0
PJ2357_2,999998.0
PJ2357_3,6500.0
PJ2357_4,150.0
PJ2358_1,0.0
PJ2358_2,0.0
PJ2358_3,12001.0
PJ2359_1,99999996.0
PJ2359_2,99999996.0
PJ2359_3,23999.0
PJ2360_1,98.0
PJ2360_2,98.0
PJ2361_1,4.0
PJ2361_2,4.0
PJ2361_3,4.0
PJ2363_1,9999998.0
PJ2363_2,34000.0
PJ2363_3,5000.0
PJ2363_4,210000.0
PJ2364_1,0.0
PJ2364_2,150001.0
PJ2365_1,19999.0
PJ2365_2,99999996.0
PJ2366_1,99.0
PJ2396_1,1.0
PJ2396_2,1.0
PJ2396_3,1.0
PJ2396_4,1.0
PJ2397_1,998.0
PJ2397_2,998.0
PJ2397_3,3.0
PJ2397_4,6.0
PJ2398_1,999998.0
PJ2399_1,0.0
PJ2400_1,1499.0
PJ2402_1,4.0
PJ2404_1,1.0
PJ2404_2,1.0
PJ2404_3,1.0
PJ2405_1,998.0
PJ2405_2,998.0
PJ2405_3,6.0
PJ2405_4,6.0
PJ2406_1,24000.0
PJ2406_2,1600.0
PJ2407_1,10001.0
PJ2408_1,99999996.0
PJ2410_1,4.0
PJ2410_2,4.0
PJ2417_1,5.0
PJ2417_2,5.0
PJ2417_3,1.0
PJ2417_4,1.0
PJ2417_5,1.0
PJ2660_1,5.0
PJ2660_2,5.0
PJ2660_3,5.0
PJ2660_5,5.0
PJ2661_1,5.0
PJ2661_2,8.0
PJ2662_1,3.0
PJ2662_2,3.0
PJ2662_3,3.0
PJ2664_1,5.0
PJ2664_2,5.0
PJ2664_3,5.0
PJ2664_4,5.0
PJ2806_1,0.0
PJ2806_2,0.0
PJ2807_1,99999996.0
PJ2807_2,99999996.0
PJ2808_1,98.0
PJ2808_2,98.0
PJ2809_1,0.0
PJ2809_2,3.0
PJ2809_3,0.0
PJ2810_1,99999996.0
PJ2810_2,3.0
PJ2810_3,99999996.0
PJ2811_1,98.0
PJ2811_2,98.0
PJ2811_3,98.0
PJ2812_1,998.0
PJ2812_2,998.0
PJ2812_3,998.0
PJ2812_4,0.0
PJ2812_5,0.0
PJ2813_1,0.0
PJ2813_2,0.0
PJ2813_3,0.0
PJ2813_4,40.0
PJ2814_1,99999996.0
PJ2814_2,99999996.0
PJ2814_3,99999996.0
PJ2814_4,40.0
PJ2815_1,98.0
PJ2815_2,98.0
PJ2815_3,98.0
PJ2816_1,10.0
PJ2816_2,998.0
PJ2816_3,998.0
PJ2817_1,0.0
PJ2817_2,0.0
PJ2818_1,99999996.0
PJ2818_2,99999996.0
PJ2819_1,98.0
PJ2850_1,1.0
PJ2850_2,1.0
PJ2850_3,1.0
PJ2878_1,1.0
PJ2878_2,1.0
PJ2878_3,1.0
PJ2878_4,5.0
PJ2878_5,5.0
PJ2881_1,1.0
PJ2881_2,1.0
PJ2881_3,1.0
PJ2881_4,1.0
PJ2903_1,6.0
PJ2926_1,1.0
PJ2926_2,1.0
PJ2926_3,1.0
PJ2926_4,1.0
PJ2927_1,1.0
PJ2927_2,1.0
PJ2927_3,1.0
PJ2928_1,1.0
PJ2928_2,1.0
PJ2928_3,1.0
PJ2928_4,1.0
PJ2929_1,1.0
PJ2929_2,1.0
PJ2929_3,1.0
PJ2929_4,1.0
PJ2931M1_1,3.0
PJ2931M1_2,3.0
PJ2931M1_3,1.0
PJ2931M1_4,3.0
PJ2931M1_5,1.0
PJ2931M2_2,3.0
PJ2932_1,9999998.0
PJ2932_2,50000.0
PJ2932_3,50000.0
PJ2933_1,0.0
PJ2933_2,20001.0
PJ2934_1,4999.0
PJ2934_2,49999.0
PJ2935_1,98.0
PJ2938_1,5.0
PJ2938_2,5.0
PJ2938_3,5.0
PJ2938_4,5.0
PJ2939_1,1.0
PJ2939_2,1.0
PJ2939_3,1.0
PJ2939_4,1.0
PJ2939_5,2.0
PJ2945_1,5.0
PJ2945_2,5.0
PJ2947_1,2.0
PJ2947_2,2.0
PJ2947_3,2.0
PJ2947_4,2.0
PJ2962_1,1.0
PJ2962_2,1.0
PJ2962_3,5.0
PJ2962_4,1.0
PJ2JOBNDX_1,1.0
PJ2JOBNDX_2,10.0
PJ2JOBNDX_3,10.0
PJ2JOBNDX_4,10.0
PJ2JOBNDX_5,10.0
PJ2W002_1,9999998.0
PJ2W002_2,800.0
PJ2W003_1,0.0
PJ2W003_2,10001.0
PJ2W004_1,99999996.0
PJ2W004_2,49999.0
PJ2W005_1,99.0
PJ2W009_1,99999998.0
PJ2W009_2,99999998.0
PJ2W009_3,99999998.0
PJ2W009_4,99999998.0
PJ2W009_5,99999998.0
PJ2W010_1,0.0
PJ2W010_2,0.0
PJ2W010_3,0.0
PJ2W010_4,250000.0
PJ2W011_1,99999996.0
PJ2W011_2,99999996.0
PJ2W011_3,99999996.0
PJ2W011_4,250000.0
PJ2W012_1,98.0
PJ2W012_2,98.0
PJ2W012_3,98.0
PJ2W012_4,98.0
PJ2W012_5,98.0
PJ2W013_1,999998.0
PJ2W013_2,400000.0
PJ2W014_1,62.0
PJ2W014_2,62.0
PJ2W014_3,65.0
PJ2W014_4,60.0
PJ2W014_5,50.0
PJ2W015_1,999999.0
PJ2W015_2,999998.0
PJ2W015_3,999998.0
PJ2W015_4,1400.0
PJ2W015_5,1300.0
PJ2W016_1,4.0
PJ2W016_2,4.0
PJ2W016_3,4.0
PJ2W016_4,4.0
PJ2W016_5,4.0
PJ2W018_1,9999998.0
PJ2W018_2,270000.0
PJ2W018_3,9999998.0
PJ2W018_4,86000.0
PJ2W019_1,9999998.0
PJ2W019_2,3200.0
PJ2W019_3,5000.0
PJ2W028_1,5.0
PJ2W028_2,5.0
PJ2W028_3,5.0
PJ2W028_4,1.0
PJ2W028_5,1.0
PJ2W049_1,1.0
PJ2W049_2,1.0
PJ2W049_3,1.0
PJ2W049_4,1.0
PJ2W051_1,9998.0
PJ2W051_2,9998.0
PJ2W052_1,75.0
PJ2W053_1,10.0
PJ2W053_2,10.0
PJ2W054_1,3.0
PJ2W054_2,2.0
PJ2W054_3,2.0
PJ2W054_4,2.0
PJ2W054_5,2.0
PJ2W063_1,9999998.0
PJ2W063_2,9999999.0
PJ2W063_3,9999999.0
PJ2W063_4,9999998.0
PJ2W065_1,5.0
PJ2W065_2,5.0
PJ2W065_3,5.0
PJ2W065_4,1.0
PJ2W065_5,5.0
PJ2W086_1,6.0
PJ2W086_2,6.0
PJ2W086_3,6.0
PJ2W089_1,1.0
PJ2W089_2,4.0
PJ2W089_3,1.0
PJ2W089_4,1.0
PJ2W091_1,9998.0
PJ2W091_2,9998.0
PJ2W091_4,2046.0
PJ2W093_1,5.0
PJ2W093_2,10.0
PJ2W094_1,1.0
PJ2W094_2,1.0
PJ2W094_3,1.0
PJ2W094_4,1.0
PJ2W099_1,2015.0
PJ2W099_2,2015.0
PJ2W099_3,2014.0
PJ2W099_4,2015.0
PJ2W100_1,9998.0
PJ2W100_2,2013.0
PJ2W100_3,2010.0
PJ2W108_1,1.0
PJ2W108_2,1.0
PJ2W401_1,1.0
PJ2W401_2,5.0
PJ2W401_3,5.0
PJ2W401_4,5.0
PJ2W401_5,5.0
PJ2W401_6,5.0
PJ2W402_1,1.0
PJ2W402_2,1.0
PJ2W402_3,1.0
PJ2W403_1,1.0
PJ2W403_2,1.0
PJ2W403_3,1.0
PJ2W403_4,1.0
PJ2W403_5,1.0
PJ2W404M1_1,1.0
PJ2W404M1_2,1.0
PJ2W404M1_3,1.0
PJ2W404M1_4,97.0
PJ2W405_1,1.0
PJ2W405_2,1.0
PJ2W405_3,1.0
PJ2W405_4,1.0
PJ2W405_5,2.0
PJ2W407_1,2.0
PJ2W407_2,2.0
PJ2W407_3,1.0
PJ2W407_4,2.0
PJ2W407_5,97.0
PJ2W408_1,301
PJ2W408_2,301
PJ2W408_3,301
PJ2W408_4,302
PJ2W408_5,301
PJ2W408_6,301
PJ2W410_1,1956.0
PJ2W410_2,1962.0
PJ2W410_3,2005.0
PJ2W410_4,2007.0
PJ2W410_5,1969.0
PJ2W410_6,1982.0
PJ2W411_1,1996.0
PJ2W411_2,2014.0
PJ2W411_3,2013.0
PJ2W411_4,1990.0
PJ2W411_5,1990.0
PJ2W413M_1,5.0
PJ2W413M_2,5.0
PJ2W413M_3,5.0
PJ2W413M_4,5.0
PJ2W413M_5,3.0
PJ2W419_1,1.0
PJ2W419_2,1.0
PJ2W420M1_1,1.0
PJ2W420M1_2,2.0
PJ2W420M1_3,1.0
PJ2W420M2_1,4.0
PJ2W420M2_2,4.0
PJ2W420M3_1,2.0
PJ2W422_1,997
PJ2W422_2,106
PJ2W422_3,998
PJ2W424_1,5.0
PJ2W425_1,1.0
PJ2W425_2,1.0
PJ2W425_3,1.0
PJ2W425_4,1.0
PJ2W426_1,1.0
PJ2W426_2,1.0
PJ2W426_3,5.0
PJ2W426_4,5.0
PJ2W426_5,1.0
PJ2W427M1_1,5.0
PJ2W427M1_2,5.0
PJ2W427M1_3,5.0
PJ2W427M1_4,5.0
PJ2W427M1_5,5.0
PJ2W427M2_1,2.0
PJ2W427M2_3,4.0
PJ2W427M3_1,2.0
PJ2W428_1,6.0
PJ2W428_2,6.0
PJ2W428_3,6.0
PJ2W428_4,6.0
PJ2W428_5,6.0
PJ2W429M1_1,8.0
PJ2W429M1_2,1.0
PJ2W429M2_1,3.0
PJ2W431_1,5.0
PJ2W431_2,1.0
PJ2W431_3,5.0
PJ2W431_4,5.0
PJ2W432_1,5.0
PJ2W432_2,5.0
PJ2W433_1,5783.0
PJ2W434_1,1.0
PJ2W434_2,1.0
PJ2W434_3,5.0
PJ2W434_4,5.0
PJ2W434_5,1.0
PJ2W435_1,5.0
PJ2W435_2,5.0
PJ2W435_3,5.0
PJ2W435_4,5.0
PJ2W436_1,5.0
PJ2W436_2,5.0
PJ2W436_3,5.0
PJ2W436_4,5.0
PJ2W437_1,5.0
PJ2W437_2,5.0
PJ2W437_3,5.0
PJ2W437_4,5.0
PJ2W437_5,5.0
PJ2W439_1,5.0
PJ2W439_2,5.0
PJ2W439_3,5.0
PJ2W439_4,5.0
PJ2W440_1,5.0
PJ2W440_2,5.0
PJ2W440_3,5.0
PJ2W441_1,5.0
PJ2W441_2,5.0
PJ2W443_1,5.0
PJ2W443_2,5.0
PJ2W443_3,5.0
PJ2W443_4,5.0
PJ2W443_5,5.0
PJ2W444_1,5.0
PJ2W444_2,5.0
PJ2W446_1,5.0
PJ2W447_1,5.0
PJ2W447_2,5.0
PJ2W447_3,5.0
PJ2W447_4,5.0
PJ2W448_2,5.0
PJ2W451_1,5.0
PJ2W451_2,5.0
PJ2W451_3,5.0
PJ2W451_4,5.0
PJ2W451_5,5.0
PJ2W452_1,5.0
PJ2W452_2,5.0
PJ2W452_3,5.0
PJ2W452_4,5.0
PJ2W452_5,5.0
PJ2W453M1_1,2.0
PJ2W453M1_2,2.0
PJ2W453M1_3,3.0
PJ2W453M1_4,4.0
PJ2W453M2_1,2.0
PJ2W453M2_2,4.0
PJ2W453M2_4,1.0
PJ2W453M3_1,1.0
PJ2W453M4_1,2.0
PJ2W457_1,1.0
PJ2W457_2,1.0
PJ2W458_1,1.0
PJ2W458_2,1.0
PJ2W458_3,1.0
PJ2W459_1,5.0
PJ2W459_2,5.0
PJ2W459_3,5.0
PJ2W459_4,5.0
PJ2W459_5,5.0
PJ2W460_1,301
PJ2W460_2,301
PJ2W460_3,301
PJ2W460_4,302
PJ2W460_5,301
PJ2W460_6,301
PJ2W790_1,2.0
PJ2W790_2,2.0
PJ2W790_3,1.0
PJ2W790_4,2.0
PJ2W790_5,2.0
PJ2Z139_1,1.0
PJ2Z139_2,1.0
PJ2Z139_3,1.0
PJ2Z139_4,1.0
PJ2Z140_1,2.0
PJ2Z140_2,2.0
PJ2Z140_3,2.0
PJ2Z140_4,2.0
PJ2Z140_5,1.0
PJ2Z142_1,1956.0
PJ2Z142_2,1963.0
PJ2Z142_3,1984.0
PJ2Z142_4,2007.0
PJ2Z142_5,1962.0
PJ2Z142_6,1982.0
PJ2Z143_1,2000.0
PJ2Z143_2,2014.0
PJ2Z143_3,2013.0
PJ2Z143_4,1985.0
PJ2Z143_5,1965.0
PJ2Z200_1,2012.0
PJ2Z200_2,2010.0
PJ2Z200_3,2010.0
PJ2Z200_4,2010.0
PJ2Z200_5,2012.0
PJ2Z503_1,2.0
PJ2Z503_2,2.0
PJ2Z503_3,1.0
PJ2Z503_4,1.0
PJ2Z503_5,2.0
PJ2Z504_1,301
PJ2Z504_2,301
PJ2Z504_3,301
PJ2Z504_4,305
PJ2Z504_5,301
PJ2Z505_1,101
PJ2Z505_2,101
PJ2Z505_3,101
PJ2Z505_4,101
PJ2Z505_5,101
PJ2Z507_1,1.0
PJ2Z507_2,2.0
PJ2Z507_3,1.0
PJ2Z507_4,6.0
PJ2Z507_5,3.0
PJ2Z508_1,1.0
PJ2Z508_2,1.0
PJ2Z508_3,1.0
PJ2Z508_4,1.0
PJ2Z508_5,1.0
PJ2Z510M_1,5.0
PJ2Z510M_2,5.0
PJ2Z510M_3,5.0
PJ2Z510M_4,5.0
PJ2Z510M_5,3.0
PLBRTYPE,1.0
PLBELIG,5.0
PLBCOMP,1.0
PLB001A,7.0
PLB001B,7.0
PLB001C,7.0
PLB001D,7.0
PLB001E,7.0
PLB001F,7.0
PLB001G,7.0
PLB001H,1.0
PLB001I,1.0
PLB001J,1.0
PLB001K,7.0
PLB001L,7.0
PLB001M,7.0
PLB001N,7.0
PLB001O,2.0
PLB001P,7.0
PLB001Q,7.0
PLB001R,7.0
PLB001S,7.0
PLB001T,2.0
PLB001U,7.0
PLB002A,6.0
PLB002B,6.0
PLB002C,7.0
PLB002D,7.0
PLB002E,6.0
PLB003,1.0
PLB004A,1.0
PLB004B,1.0
PLB004C,1.0
PLB004D,3.0
PLB004E,3.0
PLB004F,4.0
PLB004G,3.0
PLB005,1.0
PLB005A,2.0
PLB005B,2.0
PLB005C1,3.0
PLB005C2,3.0
PLB005C3,3.0
PLB005C4,3.0
PLB005C5,3.0
PLB005C6,3.0
PLB005C7,3.0
PLB005C8,3.0
PLB005C9,3.0
PLB005D1,1.0
PLB005D2,1.0
PLB005D3,3.0
PLB005D4,3.0
PLB005D5,1.0
PLB006,1.0
PLB007A,2.0
PLB007B,1.0
PLB007C,1.0
PLB007D,4.0
PLB007E,4.0
PLB007F,4.0
PLB007G,4.0
PLB008A,3.0
PLB008B,1.0
PLB008C,6.0
PLB008D,6.0
PLB009,2.0
PLB010,1.0
PLB011A,2.0
PLB011B,1.0
PLB011C,2.0
PLB011D,4.0
PLB011E,4.0
PLB011F,4.0
PLB011G,4.0
PLB012A,3.0
PLB012B,2.0
PLB012C,6.0
PLB012D,6.0
PLB013,1.0
PLB013A,5.0
PLB014,1.0
PLB015A,2.0
PLB015B,1.0
PLB015C,2.0
PLB015D,4.0
PLB015E,4.0
PLB015F,4.0
PLB015G,4.0
PLB016A,2.0
PLB016B,2.0
PLB016C,6.0
PLB016D,6.0
PLB017,2.0
PLB017A,1.0
PLB018A,1.0
PLB018B,5.0
PLB018C,5.0
PLB018D,6.0
PLB018E,1.0
PLB018F,1.0
PLB018G,1.0
PLB018H,1.0
PLB018I,1.0
PLB018J,1.0
PLB019A,3.0
PLB019B,3.0
PLB019C,3.0
PLB019D,1.0
PLB019E,3.0
PLB019F,1.0
PLB019G,1.0
PLB019H,1.0
PLB019I,1.0
PLB019J,1.0
PLB019K,1.0
PLB020A,1.0
PLB020B,1.0
PLB020C,1.0
PLB020D,1.0
PLB020E,1.0
PLB020F,1.0
PLB020G,1.0
PLB020H,1.0
PLB021A,1.0
PLB021B,1.0
PLB021C,1.0
PLB021D,1.0
PLB021E,1.0
PLB022A,5.0
PLB022B,6.0
PLB022C,5.0
PLB022D,5.0
PLB022E,5.0
PLB023,8.0
PLB024,10.0
PLB025,10.0
PLB025A,3.0
PLB026A,5.0
PLB026B,4.0
PLB026C,2.0
PLB026D,3.0
PLB026E,5.0
PLB026F,3.0
PLB026G,2.0
PLB026H,2.0
PLB026I,5.0
PLB026J,4.0
PLB026K,2.0
PLB026L,5.0
PLB026M,5.0
PLB026N,5.0
PLB026O,5.0
PLB026P,2.0
PLB026Q,2.0
PLB026R,5.0
PLB026S,4.0
PLB026T,3.0
PLB026U,2.0
PLB026V,2.0
PLB026W,5.0
PLB026X,2.0
PLB026Y,3.0
PLB027A,6.0
PLB027B,6.0
PLB027C,6.0
PLB027D,6.0
PLB028A,70.0
PLB028B1,4.0
PLB028B2,5.0
PLB028B3,1.0
PLB028B4,5.0
PLB028B5,5.0
PLB028B6,5.0
PLB028B7,5.0
PLB028B8,4.0
PLB029A,6.0
PLB029B,6.0
PLB029C,6.0
PLB029D,6.0
PLB029E,6.0
PLB029F,6.0
PLB030M1,4.0
PLB030M2,4.0
PLB030M3,4.0
PLB030M4,8.0
PLB030M5,10.0
PLB030M6,10.0
PLB030M7,7.0
PLB030M8,8.0
PLB030M9,9.0
PLB031A,2.0
PLB031B,1.0
PLB031C,4.0
PLB031D,4.0
PLB031E,2.0
PLB031F,1.0
PLB031G,1.0
PLB031H,3.0
PLB031I,1.0
PLB031J,2.0
PLB031K,1.0
PLB031L,3.0
PLB031M,2.0
PLB031N,1.0
PLB031O,2.0
PLB031P,1.0
PLB031Q,2.0
PLB031R,1.0
PLB031S,1.0
PLB031T,2.0
PLB031U,2.0
PLB031V,4.0
PLB031W,2.0
PLB031X,3.0
PLB031Y,1.0
PLB031Z_1,2.0
PLB031Z_2,2.0
PLB031Z_3,2.0
PLB031Z_4,2.0
PLB031Z_5,2.0
PLB031Z_6,2.0
PLB032_1,0.0
PLB032_2,0.0
PLB032_3,0.0
PLB032_4,0.0
PLB032_5,0.0
PLB032A_1,4.0
PLB032A_2,4.0
PLB032A_3,3.0
PLB032A_4,4.0
PLB032A_5,3.0
PLB032A_6,1.0
PLB033A,5.0
PLB033B,1.0
PLB033C,6.0
PLB033D,1.0
PLB033E,1.0
PLB033F,1.0
PLB033G,6.0
PLB033A_1,4.0
PLB033A_2,4.0
PLB033A_3,4.0
PLB033A_4,4.0
PLB033A_5,4.0
PLB033A_6,4.0
PLB034A,2.0
PLB034B,2.0
PLB034C,2.0
PLB034D,2.0
PLB034E,3.0
PLB034F,3.0
PLB034G,3.0
PLB035,1.0
PLB035A_1,2.0
PLB035A_2,1.0
PLB035A_3,1.0
PLB035A_4,1.0
PLB035A_5,1.0
PLB035A_6,1.0
PLB035A_7,1.0
PLB035A_8,1.0
PLB036,8.0
PLB037,3.0
PLB038,3.0
PLB039_MO,5.0
PLB039_DA,1.0
PLB040_AP,1.0
PLB040_HR,6.0
PLB040_MI,0.0
PLB041_AP,2.0
PLB041_HR,10.0
PLB041_MI,30.0
PLB042A,1.0
PLB042B,1.0
PLB042C,3.0
PLB042D,1.0
PLB042E,4.0
PLB042F,1.0
PLB042G,1.0
PLB042H,4.0
PLB042I,1.0
PLB042J,2.0
PLB042K,1.0
PLB043,1.0
PLB044,1.0
PLB045,3.0
PLB046,1.0
PLB047,1.0
PLB048_HR,3.0
PLB048_MI,30.0
PLB049A,3.0
PLB049B,5.0
PLB049C,0.0
PLB049D,0.0
PLB049E,3.0
PLB049F,0.0
PLB049G,0.0
PLB050,5.0
PLB051_HR,0.0
PLB051_MI,0.0
PLB052A,5.0
PLB052B,5.0
PLB052C,0.0
PLB052D,0.0
PLB052E,5.0
PLB052F,0.0
PLB052G,0.0
PLB053,1.0
PLB054,5.0
PLB055_HR,1.0
PLB055_MI,30.0
PLB056A,5.0
PLB056B,5.0
PLB056C,0.0
PLB056D,0.0
PLB056E,5.0
PLB056F,0.0
PLB056G,0.0
PLB057,5.0
PLB058_HR,0.0
PLB058_MI,0.0
PLB059A,0.0
PLB059B,0.0
PLB059C,0.0
PLB059D,0.0
PLB059E,0.0
PLB059F,0.0
PLB059G,0.0
PLB060,5.0
PLB061_HR,1.0
PLB061_MI,30.0
PLB062A,5.0
PLB062B,5.0
PLB062C,0.0
PLB062D,0.0
PLB062E,5.0
PLB062F,0.0
PLB062G,0.0
PLB063,1.0
PLB064_HR,2.0
PLB064_MI,0.0
PLB065A,5.0
PLB065B,5.0
PLB065C,0.0
PLB065D,0.0
PLB065E,5.0
PLB065F,0.0
PLB065G,0.0
PLB066,5.0
PLB067_HR,2.0
PLB067_MI,0.0
PLB068A,5.0
PLB068B,5.0
PLB068C,0.0
PLB068D,0.0
PLB068E,5.0
PLB068F,0.0
PLB068G,0.0
PLB069,5.0
PLB070_HR,1.0
PLB070_MI,0.0
PLB071A,5.0
PLB071B,5.0
PLB071C,0.0
PLB071D,0.0
PLB071E,5.0
PLB071F,0.0
PLB071G,0.0
PLB072,5.0
PLB073A,1.0
PLB073B,5.0
PLB074A,10.0
PLB074B,10.0
PLB074C,10.0
PLB074D,10.0
PLB075A,1.0
PLB075B,1.0
PLB075C,1.0
PLB075D,1.0
PLB075E,1.0
PLB075F,1.0
PLB075G,4.0
PLB075H,4.0
PLB075I,4.0
PLB075J,4.0
PLB075K,4.0
PLB075L,4.0
PLB076,4.0
PLB077,1.0
PM002,5.0
PM003M1M,111.0
PM003M2M,997.0
PM004,5.0
PM005,5.0
PM006,5.0
PM007,5.0
PM008,1.0
PM011,2.0
PM013,5.0
PM014,2000.0
PM015,6.0
PM018,5.0
PM020,5.0
PM021,1.0
PM023,5.0
PM024,1.0
PM026,7.0
PMW200A,1.0
PMW202AM,15.0
PMW201AM,17.0
PMW203A,9999998.0
PMW204A,6.0
PMW205A,26000.0
PMW206A,1.0
PMW208A,40.0
PMW209A,52.0
PMW210A,5.0
PM028,5.0
PMW211A,1.0
PMW214A,5.0
PMW217A,1.0
PMW220A,1.0
PMW223A,5.0
PMW226A,5.0
PMW227A,5.0
PMW228A,5.0
PMW229A,5.0
PMW230A,5.0
PMW231A1,22.0
PM029,5.0
PM030,1.0
PMW238A,1.0
PMW256A,7.0
PMW239A,9998.0
PMW240A,0.0
PMW241A,99999996.0
PMW242A,99.0
PMW244A,2015.0
PMW243A,12.0
PMW238B,1.0
PMW256B,4.0
PMW239B,9998.0
PMW240B,0.0
PMW241B,99999996.0
PMW242B,99.0
PMW244B,9998.0
PMW243B,1.0
PMW238E,1.0
PMW239E,9998.0
PMW240E,0.0
PMW241E,1500.0
PM034,1.0
PMW232F,100.0
PMW234F,2001.0
PMW239F,3069.0
PMW239G,1200.0
PM036,5.0
PM037M1,2.0
PM037M2,7.0
PM058,3.0
PMW250A,2010.0
PMW249A,10.0
PMW252A,9997.0
PM040,1.0
PMW245C,1.0
PMW247C,2015.0
PMW246C,98.0
PMW248C,5.0
PMW234I,2012.0
PMW235I,5.0
PMW238I,1.0
PMW256I,7.0
PMW239I,9998.0
PMW240I,650.0
PMW241I,650.0
PMW244I,9998.0
PMW250B,9998.0
PMW249B,6.0
PMW252B,9997.0
PM041,1.0
PMW245D,5.0
PMW234J,2012.0
PMW238J,1.0
PMW239J,244.0
PMW240J,601.0
PMW241J,99999996.0
PMW250C,2016.0
PMW249C,98.0
PMW252C,2015.0
PMW251C,3.0
PM042,3.0
PMW245E,5.0
PMW232K,10.0
PMW234K,2016.0
PMW233K,1.0
PMW239K,133.0
PMW250E,2016.0
PMW249E,3.0
PMW252E,9998.0
PMW251E,2.0
PM050,1.0
PMW245G,5.0
PMW234P,2014.0
PMW233P,9.0
PMW238P,1.0
PMW239P,9998.0
PMW240P,0.0
PMW244P,9998.0
PM051,5.0
PM052,1.0
PM053,2.0
PM055,2015.0
PM056,1.0
PM502,1.0
PM503M1M,112.0
PM503M2M,139.0
PM504,5.0
PM710,0.0
PM506,5.0
PM507,5.0
PM711,0.0
PM508M1M,162.0
PM512,9998.0
PM712,4.0
PM526,2.0
PM690,1.0
PM527,1.0
PM691,1.0
PM548,1973.0
PM550,1973.0
PM554,1.0
PM555,1.0
PM557,1.0
PM693,0.0
PM558,1.0
PM694,1.0
PM559M1M,119.0
PM559M2M,997.0
PM560,1.0
PM564,2.0
PM565,1.0
PM566,5.0
PM569,5.0
PM577,1.0
PM579,7.0
PM701,0.0
PM708,1.0
PMW200B,2.0
PMW202BM,5.0
PMW201BM,21.0
PMW203B,900.0
PMW205B,440.0
PMW208B,44.0
PMW209B,50.0
PMW210B,1.0
PM587,7.0
PM588,95.0
PM597,4.0
PM705,0.0
PM641,1.0
PM642,5.0
PM645,1.0
PM646,2007.0
PM648,1.0
PMW234Q,2007.0
PMW235Q,5.0
PMW237Q,2012.0
PMW238Q,1.0
PMW256Q,1.0
PMW239Q,781.0
PMW240Q,0.0
PMW242Q,98.0
PMW244Q,2012.0
PM649M1,5.0
PM570,5.0
PM695,1.0
PM572M1,2.0
PM658,9998.0
PMW232T,10.0
PMW234T,1976.0
PMW239T,9998.0
PM685,1.0
PP155,13.0
PP156,0.0
PP002,1.0
PP196,less
PP166,50.0
PP197,gained
PP168,0.0
PP005,100.0
PP006,100.0
PP059,0.0
PP007,0.0
PP009,1.0
PP014,0.0
PP015,0.0
PP016,0.0
PP181,10.0
PP182,0.0
PP020,0.0
PP029,50.0
PP157,2.0
PP107,50.0
PP175,0.0
PP176,0.0
PP177,0.0
PP178,0.0
PP032,0.0
PP111,50.0
PP112,0.0
PP183,50.0
PP047,50.0
PP113,2.0
PP149,2.0
PP150,10.0
PP180,50.0
PP097,3.0
PP041,2.0
PP185,3.0
PP056,1.0
PX003_R,1.0
PX007_R,3.0
PZ077_R,3.0
PX060_R,2.0
PX065_R,1.0
PZ066_R,1.0
PX004_R,3.0
PX067_R,1932.0
PZ008_R,5.0
PZ009_R,4.0
PZ010_R,2.0
PZ011_R,2.0
PZ012_R,2.0
PZ013_R,5.0
PZ014_R,5.0
PZ015_R,5.0
PZ016_R,5.0
PZ076,1.0
PZ078,1.0
PZ080,1.0
PZ081,5.0
PZ087,3.0
PZ089,5.0
PZ090,5.0
PZ092,4.0
PZ093,2014.0
PZ095,1.0
PZ096,2.0
PZ098,5.0
PZ099,5.0
PZ100,5.0
PZ101,1.0
PZ102,5.0
PZ103,5.0
PZ104,5.0
PZ105,5.0
PZ106,5.0
PZ107,5.0
PZ108,1.0
PZ110,5.0
PZ112,5.0
PZ113,1.0
PZ114,0.0
PZ117,5.0
PZ118,5.0
PZ119,5.0
PZ120,5.0
PZ122,5.0
PZ123,5.0
PZ124,1.0
PZ125,1.0
PZ126,1.0
PZ127,5.0
PZ134,1.0
PZ136,1.0
PZ137,40.0
PZ138,52.0
PZ153,0.0
PZ154,0.0
PZ155,0.0
PZ156,0.0
PZ157,0.0
PZ158,0.0
PZ159,0.0
PZ160,0.0
PZ161,0.0
PZ162,0.0
PZ163,0.0
PZ164,0.0
PZ165,0.0
PZ166,0.0
PZ167,0.0
PZ168,0.0
PZ169,0.0
PZ170,0.0
PZ171,0.0
PZ172,0.0
PZ173,0.0
PZ174,0.0
PZ175,0.0
PZ176,0.0
PZ177,0.0
PZ178,0.0
PZ179,0.0
PZ180,0.0
PZ181,0.0
PZ182,0.0
PZ183,0.0
PZ184,0.0
PZ185,0.0
PZ186,0.0
PZ187,0.0
PZ188,0.0
PZ189,0.0
PZ190,0.0
PZ198,0.0
PZ199,0.0
PZ201,1.0
PZ204,2001.0
PZ205,1.0
PZ212,0.0
PZ213,1.0
PZ216,12.0
PZ219,1.0
PZ230,1.0
PZ231,5.0
PZ232,5.0
PX090_R,3.0
PX501_R,1.0
PX502_R,1.0
PX503_R,2.0
PX504_R,1.0
PX505_R,2.0
PX506_R,2.0
PX507_R,1.0
PX508_R,2.0
PX509_R,1.0
PX510_R,1.0
PX511_R,2.0
PX512_R,3.0
PX513_R,2.0
PX514_R,3.0
PX515_R,1.0
PX516_R,3.0
PX517_R,3.0
PX518_R,1.0
PX519_R,3.0
PX520_R,1.0
PX521_R,53.0
PX522_R,91.0
PX523_R,2.0
PX524_R,1.0
PX525_R,2.0
PX527,5.0
PX528,2.0
PX529,6.0
PX530,1.0
PZ240,5.0
PZ241,5.0
PZ242,1.0
PZ244,5.0
PZ246,59.0
PZ254,1.0
PZ255,1.0
PZ258,1.0
PZ260,5.0
PZ261,5.0
PZ262,5.0
PZ264,1.0
PZ265,5.0
PZ266,0.0
PZ267,6.0
PZ269,5.0
PZ270,4.0
PZ274,1.0
PZ275,3.0
PZ276,1.0
PZ277,1.0
PZ553_1,2.0
PZ553_2,5.0
PZ553_3,2.0
PS003_1,2.0
PS004_1,99998.0
PS008_1,4.0
PS005_1,0.0
PS006_1,99999996.0
PS007_1,99.0
PS010_1,9998.0
PS011_1,0.0
PS012_1,99999996.0
PS013_1,99.0
PS003_2,5.0
PS004_2,700.0
PS005_2,801.0
PS006_2,99999996.0
PS010_2,800.0
PS013_2,99.0
PS003_3,5.0
PS004_3,9998.0
PS008_3,4.0
PS005_3,1000.0
PS006_3,99999996.0
PS007_3,99.0
PS010_3,9998.0
PS014_3,4.0
PS011_3,400.0
PS012_3,400.0
PS003_4,5.0
PS004_4,999998.0
PS008_4,4.0
PS005_4,0.0
PS006_4,99999996.0
PS007_4,98.0
PS010_4,883.5
PS014_4,4.0
PS013_4,98.0
PS016,5.0
PS017,999998.0
PS021,6.0
PS018,0.0
PS019,399.0
PS023,40.0
PS024,41.0
PS025,400.0
PS027,999998.0
PS031,6.0
PS028,0.0
PS029,99999996.0
PS033,98.0
PS034,0.0
PS035,400.0
PS037,5.0
PS038M1,2.0
PS038M2,1.0
PS040,5.0
PS041,999998.0
PS061,0.0
PS062,99999996.0
PS063,99.0
PS042,5.0
PS043,999999.0
PS064,0.0
PS065,99999996.0
PS066,99.0
PS044,99998.0
PS045,0.0
PS046,99999996.0
PS047,98.0
PS048M1,5.0
PS048M2,3.0
PS048M3,3.0
PS050,1.0
PS051M1,993
PS051M2,301
PS051M3,203
PS051M4,160
PS052M,5.0
PS054M1M,101.0
PS054M2M,997.0
PS055,5.0
PS056,5.0
PS057,5.0
PS058,0.0
PS067,0.0
PS068,99999996.0
PS069,98.0
PS059,1.0
PTN05,1.0
PTN01M1,22.0
PTN01M2,22.0
PTN03,1.0
PTN04,1.0
PTN06,5.0
PTN07M1,2.0
PTN07M2,2.0
PT001,1.0
PT002,1.0
PT003,1.0
PT004M1,996
PT004M2,102
PT004M3,103
PT004M4,104
PT004M5,304
PT004M6,151
PT004M7,157
PT004M8,158
PT004M9,159
PT004M10,160
PT005,1.0
PT006,5.0
PT007M1,993
PT007M2,102
PT007M3,103
PT007M4,204
PT007M5,106
PT007M6,107
PT007M7,108
PT007M8,109
PT008,5.0
PT011,1.0
PT012,1.0
PT013,10000.0
PT014,0.0
PT015,99999996.0
PT016,99.0
PT017M1,991
PT017M2,993
PT017M3,102
PT017M4,103
PT017M5,204
PT017M6,301
PT017M7,111
PT018,1.0
PT019,2.0
PT020,9999998.0
PT021,0.0
PT022,99999996.0
PT023,98.0
PT024,0.0
PT025,1.0
PT026,101.0
PT027,99999996.0
PT028,98.0
PT029M1,991
PT029M2,993
PT029M3,102
PT029M4,103
PT029M5,108
PT029M6,109
PT029M7,111
PT031,5.0
PT032,10000.0
PT033,0.0
PT034,99999996.0
PT035,99.0
PT036,5.0
PT037,10000.0
PT038,0.0
PT039,99999996.0
PT040,98.0
PT041,1.0
PT042,1.0
PT043,5.0
PT044,9999998.0
PT245,5.0
PT246,1.0
PT247M1,4.0
PT247M2,4.0
PT247M3,5.0
PT248M1,101
PT248M2,102
PT248M3,103
PT248M4,104
PT248M5,101
PT248M6,993
PT249M1,4.0
PT249M2,5.0
PT250,1.0
PT251,1.0
PT047,1.0
PV000,1.0
PV001,5.0
PV002,5.0
PV003,5.0
PV004,5.0
PV005,5.0
PV006,5.0
PV007,5.0
PV008,5.0
PV009,5.0
PV010,5.0
PV011,5.0
PV012,5.0
PV013,5.0
PV014,5.0
PV015,5.0
PV016,5.0
PV017,5.0
PV018,5.0
PV051,5.0
PV052,1.0
PV053,3.0
PV054,2.0
PV055,3.0
PV056,5.0
PV057,1.0
PV058,1.0
PV059,1.0
PV060,5.0
PV061,5.0
PV062,5.0
PV063,5.0
PV064,5.0
PV065,5.0
PV066,5.0
PV067,5.0
PV101,5.0
PV102,1.0
PV103,3.0
PV104,2.0
PV105,1.0
PV106,5.0
PV107M1,1.0
PV107M2,1.0
PV107M3,3.0
PV108M1,4.0
PV108M2,4.0
PV108M3,5.0
PV110M1,1.0
PV110M2,2.0
PV110M3,3.0
PV110M4,4.0
PV110M5,9.0
PV110M6,6.0
PV110M7,7.0
PV110M8,8.0
PV110M9,9.0
PV112,7.0
PV113,98.0
PV114,500.0
PV115,3.0
PV116,7.0
PV117,7.0
PV118,5.0
PV124,2.0
PV125M1,7.0
PV125M2,2.0
PV125M3,3.0
PV125M4,4.0
PV127M1,97.0
PV127M2,97.0
PV127M3,6.0
PV129,2.0
PV134,5.0
PV151,1.0
PV152,1.0
PV153,1.0
PV154,1.0
PV155,5.0
PV156,1.0
PV157,1.0
PV158,1.0
PV159,1.0
PV160,1.0
PV161,1.0
PV162,1.0
PV163,1.0
PV164,5.0
PV165,5.0
PV166,5.0
PV167,5.0
PV168,5.0
PV169,5.0
PV170,5.0
PV171,5.0
PV172,5.0
PV173,5.0
PV174,5.0
PV175,5.0
PV176,5.0
PV177,5.0
PV178,5.0
PV561,1.0
PV562,0.0
PV563,0.0
PV564,0.0
PV501,4.0
PV502,5.0
PV503,5.0
PV565,0.0
PV504,5.0
PV566,0.0
PV567,1.0
PV505,1.0
PV506,5.0
PV507,1.0
PV508,5.0
PV509,5.0
PV510,5.0
PV511,5.0
PV512,1.0
PV513,5.0
PV514,1.0
PV515,5.0
PV516,5.0
PV517,5.0
PV518,5.0
PV519,1.0
PV520,5.0
PV521,1.0
PV522,5.0
PV523,5.0
PV524,5.0
PV525,5.0
PV526,1.0
PV527,5.0
PV528,1.0
PV529,5.0
PV530,5.0
PV531,5.0
PV532,5.0
PV533,1.0
PV534,5.0
PV535,1.0
PV536,5.0
PV537,5.0
PV538,5.0
PV539,5.0
PV540,1.0
PV541,5.0
PV542,1.0
PV543,5.0
PV544,5.0
PV545,5.0
PV546,5.0
PV547,1.0
PV548,5.0
PV549,5.0
PV550,5.0
PV551,5.0
PV552,5.0
PV553,5.0
PV554,5.0
PV555,5.0
PV300,0.0
PV301,0.0
PV252,0.0
PV253,0.0
PV254,0.0
PV255,3.0
PV256,996.0
PV257,997.0
PV258,20.0
PV259,3.0
PV260,40.0
PV261,40.0
PV262,40.0
PV263,998.0
PV264,50.0
PV265,50.0
PV266,50.0
PV267,3.0
PV268,996.0
PV269,997.0
PV270,20.0
PV271,3.0
PV272,998.0
PV273,0.0
PV274,30.0
PV275,50.0
PV276,0.0
PV277,0.0
PV278,0.0
PV279,1.0
PV280,994.0
PV281,997.0
PV282,20.0
PV283,3.0
PV284,998.0
PV285,50.0
PV286,50.0
PV287,20.0
PV288,0.0
PV289,0.0
PV290,0.0
PV291,1.0
PV292,994.0
PV293,997.0
PV294,40.0
PV295,8.0
PV296,994.0
PV299,50.0
PV351M,1.0
PV370M1M,1.0
PV370M2M,1.0
PV353M,11.0
PV355,2.0
PV356,2.0
PV357,2.0
PV358,2.0
PV359,2.0
PV360,5.0
PV361,30.0
PV362,5.0
PV363,5.0
PV364,2.0
PV365,2.0
PV366,2.0
PV367,2.0
PV401,2.0
PV405,5.0
PV406,5.0
PV407,5.0
PV408,2.0
PV409,2.0
PV410,3.0
PV411,2.0
PV412,1.0
PV413,5.0
PV414,1.0
PV415,3.0
PV416,3.0
PV417,1.0
PV418,1.0
PV419,1.0
PV420,5.0
PV421,1.0
PV422,5.0
PV423,5.0
PV424,5.0
PV425,5.0
PV426,3.0
PV451,1.0
PV452,1.0
PV453,1.0
PV454,1.0
PV455,1.0
PV456,1.0
PV457,1.0
PV458,3.0
PV459,4.0
PV460,1.0
PV461,3.0
PV462,1.0
PV463,5.0
PV464,4.0
PV465,1.0
PV466,1.0
PV900,1.0
PW303,5.0
PW311,2.0
PW310,4.0
PW319,1.0
PW321,4.0
PW307,1.0
PY005,291.0
PY006,58.0
PY007,846.0
PY008,1070.0
PY094,629.0
PY095,1.0
PY096,724.0
PY097,425.0
PY098,1.0
PY100,26.0
PY101,148.0
PY102,35.0
PY104,28.0
PY105,29.0
PY106,781.0
PY107,277.0
PY108,1334.0
PY109,1.0
PY110,499.0
PY111,196.0
PY112,15.0
PY113,391.0
PY114,11.0
PY115,8236.0
PE140,0.0
PE154,1.0
PE166,1.0
PE012,1.0
PE013M1,101
PE013M2,102
PE013M3,103
PE013M4,104
PE013M5,206
PE013M6,101
PE013M7,111
PE013M8,111
PE014M1,101
PE014M2,102
PE014M3,301
PE014M4,302
PE014M5,304
PE160,5.0
PE162M1,101
PE162M2,102
PE162M3,204
PE162M4,114
PE162M5,307
PE162M6,302
PE015,1.0
PE016M1,993
PE016M2,102
PE016M3,104
PE016M4,105
PE016M5,106
PE016M6,107
PE016M7,108
PE016M8,109
PE016M9,110
PE016M10,302
PE016M11,301
PE016M12,302
PE016M13,303
PE022,5.0
PE023M1,102
PE023M2,101
PE023M3,105
PE169,5.0
PE171M1,101
PE171M2,101
PE171M3,104
PE171M4,212
PE046,95.0
PE047,1.0
PE048,95.0
PE051,5.0
PE052M1,154
PE052M2,154
PE052M3,207
PE052M4,208
PE052M5,209
PE060,5.0
PE061M1,101
PE061M2,102
PE061M3,103
PE061M4,102
PE061M5,105
PE063,99998.0
PE065,0.0
PE066,5000.0
PE067,98.0
PE068,99998.0
PE070,0.0
PE071,199.0
PE072,98.0
PE075,5.0
PE087,5.0
PE105,5.0
PE106,1000.0
PE108,1001.0
PE109,4999.0
PE110,98.0
PE180,5.0
PE181,5.0
PE111,5.0
PE112,1000.0
PE114,0.0
PE115,999.0
PE116,99.0
PE117,5.0
PE182,5.0
PE183,5.0
PE118,5.0
PE119,1.0
PE120,1.0
PH001,5.0
PH002,2.0
PH004,1.0
PH006,2.0
PH008,1.0
PH010,50.0
PH011,5.0
PH012,5.0
PH020,9999998.0
PH021,50001.0
PH022,149999.0
PH023,98.0
PH014,3.0
PH016,999998.0
PH017,20001.0
PH018,99999.0
PH019,98.0
PH024M1,5.0
PH024M2,2.0
PH025,99998.0
PH029,3.0
PH026,0.0
PH027,99999996.0
PH028,98.0
PH031,3.0
PH032,9999998.0
PH033,0.0
PH034,99999996.0
PH035,99.0
PH036,600.0
PH040,3.0
PH037,0.0
PH038,99999996.0
PH042,30000.0
PH043,5001.0
PH044,19999.0
PH046,220.0
PH047,500.0
PH048,500.0
PH052,999998.0
PH053,20001.0
PH054,99999.0
PH056,5.0
PH057,9999998.0
PH058,0.0
PH059,99999996.0
PH060,98.0
PH061,5.0
PH062,10000.0
PH063,0.0
PH064,99999996.0
PH065,99.0
PH066,99999998.0
PH067,40001.0
PH068,99999996.0
PH069,98.0
PH070,2015.0
PH071,5.0
PH072,1.0
PH074,993
PH075,999998.0
PH076,0.0
PH077,99999996.0
PH078,98.0
PH079,395.0
PH083,3.0
PH080,0.0
PH081,99999996.0
PH082,99.0
PH086,5.0
PH087,5.0
PH088,1.0
PH089,1.0
PH091,101
PH092,5.0
PH100,5.0
PH101,5.0
PH102,5.0
PH103,999998.0
PH104,0.0
PH105,9999.0
PH106,99.0
PH108,1.0
PH109,99998.0
PH110,3.0
PH112,0.0
PH113,99999996.0
PH114,99.0
PH115,5.0
PH116,5.0
PH117,1.0
PH118,5.0
PH119,5.0
PH120,5.0
PH121,5.0
PH122,5.0
PH123,1.0
PH124,5.0
PH125,5.0
PH126,5.0
PH127,1.0
PH128,5.0
PH129,1.0
PH130,5.0
PH131,1.0
PH132,1.0
PH133,5.0
PH134,1.0
PH135,1.0
PH136,1.0
PH137,1.0
PH138,1.0
PH139,5.0
PH140,5.0
PH141M1,1.0
PH141M2,2.0
PH141M3,3.0
PH141M4,4.0
PH143,1.0
PH144M1,1.0
PH144M2,2.0
PH203,1.0
PH204,99998.0
PH205,101.0
PH206,499.0
PH207,98.0
PH146,1.0
PH147,6.0
PH148,1.0
PH150,2.0
PH151,5.0
PH152,0.0
PH153M,5.0
PH155,2000.0
PH156,1.0
PH157,50.0
PH158,76.0
PH159,750.0
PH161,1.0
PH162,9999998.0
PH163,0.0
PH164,99999996.0
PH165,98.0
PH166,9999998.0
PH167,0.0
PH168,99999996.0
PH169,98.0
PH170M1,5.0
PH171,59000.0
PH172,0.0
PH173,99999996.0
PH174,98.0
PH175,1100.0
PH179,3.0
PH176,0.0
PH177,99999996.0
PH178,98.0
PH181,3.0
PH182,5.0
PH183,1.0
PH185,993
PH186,999998.0
PH187,0.0
PH188,99999996.0
PH189,98.0
PHW353,5.0
PHW354,5.0
PHW355,1.0
PHW356,5.0
PH192,1.0
P059,1.0
P061,1.0
P062M1,5.0
P062M2,4.0
P062M3,4.0
P062M4,4.0
P071M1,4.0
P071M2,4.0
P071M3,4.0
P071M4,13.0
P071M5,12.0
P071M6,13.0
P071M7,14.0
P071M8,97.0
P072,1.0
P073M1,15.0
P073M2,9.0
P073M3,9.0
P073M4,9.0
P073M5,9.0
P073M6,9.0
P076,2.0
P079,1.0
P080,2.0
P086,2.0
P091,4.0
P088,5.0
P092M1,0.0
P092M2,2.0
P092M3,3.0
P092M4,4.0
P092M5,5.0
P066,3.0
P067,2.0
P068,1.0
P157,5.0
PX026M,5.0
PX027,5.0
PX030M,5.0
PX033,5.0
PZ034,4.0
PZ035,2014.0
PZ036,4.0
PZ037,2014.0
PZ038,4.0
PZ039,2014.0
PZ041,3.0
PZ042,2.0
PZ043,1.0
PZ044,3.0
PZ045,3.0
PZ046,2.0
PZ047,3.0
PZ048,3.0
PZ049,3.0
PZ050,2.0
PZ051,3.0
PZ052,2.0
PZ053,2.0
PX079,1.0
PX083,2.0
PX084,16.0
PZ086,5.0
PX087,5.0
PZ088,5.0
PX089,5.0
PX092,0.0
PQ010,5.0
PQ011,1.0
PQ012,5.0
PQ013,5.0
PQ014,5.0
PQ015,99999998.0
PQ016,0.0
PQ017,99999996.0
PQ018,99.0
PQ019,1.0
PQ020,999998.0
PQ021,0.0
PQ022,99999996.0
PQ023,99.0
PQ024,5.0
PQ025,9999998.0
PQ026,0.0
PQ027,99999996.0
PQ028,99.0
PQ029,5.0
PQ030,999998.0
PQ031,0.0
PQ032,99999996.0
PQ033,99.0
PQ034,5.0
PQ035,550.0
PQ036,0.0
PQ037,99999996.0
PQ038,99.0
PQ039,5.0
PQ040,99999998.0
PQ041,0.0
PQ042,99999996.0
PQ043,98.0
PQ044,1.0
PQ045,999998.0
PQ046,0.0
PQ047,99999996.0
PQ048,99.0
PQ049,5.0
PQ050,9999998.0
PQ051,0.0
PQ052,99999996.0
PQ053,98.0
PQ054,5.0
PQ055,999998.0
PQ056,0.0
PQ057,2499.0
PQ058,99.0
PQ059,5.0
PQ060,9999998.0
PQ061,0.0
PQ062,99999996.0
PQ063,98.0
PQ064,5.0
PQ065,1.0
PQ066,17000.0
PQ067,0.0
PQ068,99999996.0
PQ069,99.0
PQ070,8000.0
PQ074,5.0
PQ075,2.0
PQ076,2000.0
PQ077,0.0
PQ078,99999996.0
PQ080,4000.0
PQ081,3001.0
PQ082,99999996.0
PQ085,9999.0
PQ086,0.0
PQ087,99999996.0
PQ088,99.0
PQ089,2014.0
PQ090,5.0
PQ084,1.0
PQ091,9998.0
PQ092,0.0
PQ093,99999996.0
PQ094,99.0
PQ095,9998.0
PQ096,8.0
PQ105,5.0
PQ106,1.0
PQ107,9998.0
PQ108,0.0
PQ109,99999996.0
PQ110,98.0
PQ111,9998.0
PQ112,10.0
PQ113,5.0
PQ114,1.0
PQ115,99998.0
PQ116,0.0
PQ117,124.0
PQ119,5.0
PQ120,1.0
PQ121,99998.0
PQ122,0.0
PQ123,99999996.0
PQ124,99.0
PQ125,9998.0
PQ126,11.0
PQ127,99998.0
PQ128,0.0
PQ129,99999996.0
PQ130,98.0
PQ131,9998.0
PQ132,2.0
PQ133,5.0
PQ134,99999998.0
PQ135,0.0
PQ136,99999996.0
PQ137,99.0
PQ138,1.0
PQ139,3.0
PQ141,999999.0
PQ142,1.0
PQ143,999999.0
PQ144,0.0
PQ145,99999996.0
PQ146,99.0
PQ147,5.0
PQ148,99999998.0
PQ149,0.0
PQ150,99999996.0
PQ151,99.0
PQ492,5.0
PQ523,100.0
PQ152,1.0
PQ153,6.0
PQ155,999999.0
PQ156,1.0
PQ157,9999998.0
PQ158,0.0
PQ159,99999996.0
PQ160,99.0
PQ161,5.0
PQ162,5.0
PQ163,1.0
PQ165_1,1.0
PQ166_1,9999998.0
PQ167_1,0.0
PQ168_1,99999996.0
PQ169_1,99.0
PQ537_1,5.0
PQ538_1,1.0
PQ513_1,1.0
PQ514_1,100.0
PQ515_1,8.0
PQ170_1,1.0
PQ171_1,999998.0
PQ172_1,0.0
PQ173_1,99999996.0
PQ174_1,99.0
PQ175_1,1.0
PQ177_1,1.0
PQ165_2,1.0
PQ166_2,9999998.0
PQ167_2,0.0
PQ168_2,99999996.0
PQ169_2,99.0
PQ537_2,5.0
PQ538_2,1.0
PQ513_2,1.0
PQ514_2,100.0
PQ515_2,8.0
PQ170_2,1.0
PQ171_2,999998.0
PQ172_2,0.0
PQ173_2,99999996.0
PQ174_2,99.0
PQ175_2,1.0
PQ177_2,1.0
PQ165_3,1.0
PQ166_3,9999998.0
PQ167_3,0.0
PQ168_3,99999996.0
PQ169_3,99.0
PQ537_3,5.0
PQ513_3,1.0
PQ514_3,100.0
PQ515_3,8.0
PQ170_3,1.0
PQ171_3,999998.0
PQ172_3,0.0
PQ173_3,99999996.0
PQ174_3,98.0
PQ175_3,1.0
PQ177_3,1.0
PQ182,5.0
PQ183,1.0
PQ184M1,1.0
PQ184M2,2.0
PQ186,60000.0
PQ187,50001.0
PQ188,99999.0
PQ190,0.0
PQ194,3.0
PQ191,0.0
PQ192,99999996.0
PQ193,98.0
PQ196,1.0
PQ197,2016.0
PQ198,8.0
PQ199,2019.0
PQ201,10.0
PQ202,4.0
PQ204,999998.0
PQ205,1501.0
PQ206,5999.0
PQ207,99.0
PQ215,5.0
PQ216,1.0
PQ217,5.0
PQ218,1.0
PQ220_1,99999.0
PQ221_1,0.0
PQ222_1,99999996.0
PQ223_1,99.0
PQ224_1,1.0
PQ225_1,5.0
PQ226_1,5.0
PQ227_1,9999998.0
PQ228_1,0.0
PQ229_1,99999996.0
PQ230_1,98.0
PQ231_1,1995.0
PQ232_1,98.0
PQ233_1,5.0
PQ234_1,1.0
PQ235_1,98.0
PQ236_1,1.0
PQ220_2,99998.0
PQ221_2,0.0
PQ222_2,99999996.0
PQ223_2,98.0
PQ224_2,1.0
PQ225_2,5.0
PQ226_2,5.0
PQ227_2,9999998.0
PQ228_2,0.0
PQ229_2,99999996.0
PQ230_2,98.0
PQ231_2,2002.0
PQ232_2,2.0
PQ233_2,5.0
PQ234_2,1.0
PQ235_2,98.0
PQ236_2,1.0
PQ238,9998.0
PQ239,0.0
PQ240,99999996.0
PQ241,99.0
PQ242,5.0
PQ243,5.0
PQ244,1.0
PQ246_1,99998.0
PQ247_1,0.0
PQ248_1,99999996.0
PQ249_1,99.0
PQ250_1,1.0
PQ251_1,5.0
PQ252_1,5.0
PQ253_1,9999998.0
PQ254_1,0.0
PQ255_1,99999996.0
PQ256_1,98.0
PQ257_1,9998.0
PQ258_1,1.0
PQ259_1,5.0
PQ260_1,1.0
PQ261_1,98.0
PQ262_1,1.0
PQ246_2,99998.0
PQ247_2,0.0
PQ248_2,99999996.0
PQ249_2,99.0
PQ250_2,5.0
PQ251_2,5.0
PQ252_2,5.0
PQ257_2,2010.0
PQ258_2,5.0
PQ259_2,5.0
PQ260_2,1.0
PQ262_2,1.0
PQ264,1300.0
PQ268,5.0
PQ273,5.0
PQ274,1.0
PQ275,5.0
PQ276,1.0
PQ278_1,99998.0
PQ279_1,0.0
PQ280_1,99999996.0
PQ281_1,99.0
PQ524_1,1.0
PQ525_1,10000.0
PQ282_1,5.0
PQ283_1,9998.0
PQ284_1,98.0
PQ285_1,5.0
PQ286_1,1.0
PQ287_1,98.0
PQ288_1,1.0
PQ278_2,0.0
PQ279_2,0.0
PQ280_2,99999996.0
PQ281_2,99.0
PQ524_2,1.0
PQ525_2,1000.0
PQ282_2,5.0
PQ283_2,9998.0
PQ284_2,1.0
PQ285_2,5.0
PQ286_2,1.0
PQ287_2,98.0
PQ288_2,1.0
PQ290,99998.0
PQ291,0.0
PQ292,99999996.0
PQ293,99.0
PQ526,1.0
PQ527,1500.0
PQ294,5.0
PQ295,5.0
PQ296,1.0
PQ298_1,99998.0
PQ299_1,0.0
PQ300_1,99999996.0
PQ301_1,99.0
PQ528_1,5.0
PQ529_1,500.0
PQ302_1,5.0
PQ303_1,9998.0
PQ304_1,5.0
PQ305_1,5.0
PQ306_1,1.0
PQ307_1,5.0
PQ308_1,2.0
PQ298_2,64.0
PQ299_2,0.0
PQ300_2,99999996.0
PQ302_2,5.0
PQ303_2,9998.0
PQ304_2,2.0
PQ305_2,5.0
PQ306_2,1.0
PQ308_2,1.0
PQ310,198.0
PQ311,5.0
PQ312,99.0
PQ316,5.0
PQ317,99999998.0
PQ318,0.0
PQ319,99999996.0
PQ320,99.0
PQ321,1.0
PQ322,4.0
PQ324,999998.0
PQ325,1.0
PQ326,999998.0
PQ327,0.0
PQ328,99999996.0
PQ329,98.0
PQ330,5.0
PQ331,99999998.0
PQ332,0.0
PQ333,99999996.0
PQ334,98.0
PQ335,1.0
PQ336,4.0
PQ338,99998.0
PQ339,1.0
PQ340,9999998.0
PQ341,0.0
PQ342,99999996.0
PQ343,98.0
PQ344,1.0
PQ345,99999998.0
PQ346,0.0
PQ347,99999996.0
PQ348,99.0
PQ349,1.0
PQ350,3.0
PQ352,99998.0
PQ353,1.0
PQ354,99998.0
PQ494,0.0
PQ495,999.0
PQ496,98.0
PQ356,5.0
PQ357,9999998.0
PQ358,0.0
PQ359,99999996.0
PQ360,99.0
PQ361,1.0
PQ362,3.0
PQ364,9998.0
PQ365,1.0
PQ366,999998.0
PQ367,0.0
PQ368,99999996.0
PQ369,98.0
PQ370,1.0
PQ371,999998.0
PQ372,0.0
PQ373,24999.0
PQ374,98.0
PQ375,5.0
PQ376,9999998.0
PQ377,0.0
PQ378,99999996.0
PQ379,98.0
PQ380,5.0
PQ381,999998.0
PQ382,0.0
PQ383,99999996.0
PQ384,98.0
PQ395,5.0
PQ396,500.0
PQ397,0.0
PQ398,99999996.0
PQ399,99.0
PQ400,5.0
PQW777_1,1.0
PQW778_1M1,1.0
PQW778_1M2,2.0
PQW778_1M3,3.0
PQW778_1M4,4.0
PQW778_1M8,8.0
PQW777_2,1.0
PQW778_2M1,1.0
PQW778_2M2,2.0
PQW778_2M3,3.0
PQW778_2M4,4.0
PQW778_2M5,5.0
PQW778_2M6,6.0
PQW778_2M7,7.0
PQW778_2M8,8.0
PQW778_2M9,9.0
PQW778_2M10,10.0
PQW778_2M11,11.0
PQW777_3,1.0
PQW778_3M1,1.0
PQW778_3M2,2.0
PQW778_3M3,3.0
PQW778_3M4,4.0
PQW778_3M5,5.0
PQW778_3M6,6.0
PQW778_3M7,7.0
PQW778_3M8,8.0
PQW778_3M9,9.0
PQW778_3M10,10.0
PQW778_3M11,11.0
PQW777_4,1.0
PQW778_4M1,5.0
PQW778_4M2,6.0
PQW778_4M3,7.0
PQW778_4M4,8.0
PQW778_4M5,9.0
PQW778_4M6,10.0
PQW778_4M7,11.0
PQW778_4M8,12.0
PQW778_4M9,12.0
PQW786,5.0
PQ532,1.0
PQ406,9998.0
PQ407,126.0
PQ408,99999996.0
PQ410,16.0
PQ411,0.0
PQ412,99999996.0
PQ413,98.0
PQ414,5.0
PQ415,1.0
PQ516,5.0
PQ417,100.0
PQ418,0.0
PQ419,99999996.0
PQ420,98.0
PQ421,5.0
PQ422,50.0
PQ423,0.0
PQ424,99999996.0
PQ426,0.0
PQ427,0.0
PQ428,99999996.0
PQ429,98.0
PQ431_1,101
PQ432_1,1.0
PQ433_1,999998.0
PQ434_1,0.0
PQ435_1,99999996.0
PQ436_1,98.0
PQ431_2,102
PQ432_2,1.0
PQ433_2,999998.0
PQ434_2,0.0
PQ435_2,99999996.0
PQ436_2,98.0
PQ431_3,109
PQ432_3,5.0
PQ433_3,999998.0
PQ434_3,0.0
PQ435_3,99999996.0
PQ436_3,98.0
PQ431_4,111
PQ432_4,5.0
PQ433_4,99998.0
PQ434_4,0.0
PQ435_4,99999996.0
PQ436_4,98.0
PQ431_5,151
PQ432_5,5.0
PQ433_5,25000.0
PQ431_6,118
PQ432_6,5.0
PQ433_6,99998.0
PQ434_6,0.0
PQ435_6,99999996.0
PQ431_7,114
PQ432_7,5.0
PQ431_8,204
PQ432_8,8.0
PQ431_9,154
PQ437,0.0
PQ438,0.0
PQ439,99999996.0
PQ440,98.0
PQ441,5.0
PQ442,99999998.0
PQ443,0.0
PQ444,99999996.0
PQ445,98.0
PQ446,1.0
PQ447,1.0
PQ453,5.0
PQ454,500.0
PQ455,0.0
PQ456,99999996.0
PQ457,99.0
PQ464,5.0
PQ465,5.0
PQ467,99999998.0
PQ468,0.0
PQ469,99999996.0
PQ470,99.0
PQ471,1.0
PQ472,9999999.0
PQ473,0.0
PQ474,99999996.0
PQ475,99.0
PQ476,1.0
PQ477,5.0
PQ478,3000.0
PQ479,0.0
PQ480,99999996.0
PQ481,98.0
PQ517,1.0
PQ518,5.0
PQ519,9999998.0
PQ520,0.0
PQ521,99999996.0
PQ522,98.0
PQ483_1,5.0
PQ484_1,3.0
PQ487_1,2015.0
PQ486_1,6.0
PQ488_1,99999999.0
PQ489_1,9.0
PQ490_1,14.0
PQ483_2,5.0
PQ484_2,3.0
PQ487_2,2015.0
PQ486_2,5.0
PQ488_2,9999999.0
PQ490_2,19.0
PQ483_3,5.0
PQ493,1.0
PR002,5.0
PR003,2.0
PR006,2015.0
PR005,8.0
PR007,158750.0
PR008,0.0
PR009,99999996.0
PR010,99.0
PR012,2015.0
PR011,8.0
PR013,9999999.0
PR014,0.0
PR015,99999996.0
PR016,99.0
PR018,9998.0
PR017,1.0
PR019,9999998.0
PR020,0.0
PR021,99999996.0
PR022,99.0
PR023,5.0
PR024,20000.0
PR025,0.0
PR026,9999.0
PR027,98.0
PR028,5.0
PR029,5.0
PR030,212500.0
PR032,99999996.0
PR033,99.0
PR034,5.0
PR035,999999.0
PR036,0.0
PR037,99999996.0
PR038,99.0
PR039,1.0
PR040,40000.0
PR044,5.0
PR045,10000.0
PR046,0.0
PR047,99999996.0
PR048,99.0
PR049,5.0
PR050,20000.0
PR051,0.0
PR052,99999996.0
PR053,99.0
PR054,5.0
PR055,500000.0
PR056,0.0
PR057,9999.0
PR060,2016.0
PR059,5.0
PR061,5.0
PR062,5.0
PR063,3.0
PR064,9999998.0
PR065,0.0
PR066,99999996.0
PR067,99.0
PR068,999998.0
PR069,0.0
PR070,99999996.0
PR071,99.0
PR072,5.0
PR073,9999998.0
PR074,0.0
PR075,99999996.0
PR076,99.0
PR077,2.0
PR079M1,2.0
PR080M1,101
PR080M2,172
PR080M3,201
PR081,1.0
PR083,5.0
PR084,9999998.0
PR085,10001.0
PR086,24999.0
PR088,999998.0
PR089,0.0
PR090,99999996.0
PR092,5.0
PR093,5000.0
PR094,0.0
PR095,99999996.0
PR096,98.0
PR097,999998.0
PR098,0.0
PR099,99999996.0
PR100,98.0
PR101,1.0
PU010_1,7.0
PU001_1,1.0
PU002_1,1.0
PU003_1A,0.0
PU003_1B,400000.0
PU022_1B,2017.0
PU010_2,7.0
PU001_2,5.0
PU002_2,1.0
PU003_2A,999998.0
PU004_2A,1.0
PU005_2A,99999996.0
PU006_2A,98.0
PU003_2B,999998.0
PU004_2B,1.0
PU005_2B,99999996.0
PU010_3,8.0
PU001_3,5.0
PU002_3,1.0
PU003_3A,100000.0
PU004_3A,5001.0
PU005_3A,99999996.0
PU022_3A,2014.0
PU003_3B,100000.0
PU004_3B,1.0
PU005_3B,99999996.0
PU006_3B,98.0
PU022_3B,2016.0
PU010_4,8.0
PU001_4,1.0
PU002_4,1.0
PU003_4A,18000.0
PU003_4B,60000.0
PU022_4B,2016.0
PU010_5,8.0
PU001_5,1.0
PU002_5,1.0
PU003_5A,100000.0
PU004_5A,125001.0
PU005_5A,249999.0
PU022_5A,2014.0
PU003_5B,0.0
PU010_6,8.0
PU001_6,1.0
PU002_6,3.0
PU003_6A,999998.0
PU004_6A,50001.0
PU005_6A,149999.0
PU022_6A,2014.0
PU003_6B,150000.0
PU004_6B,1.0
PU005_6B,299999.0
PU022_6B,2016.0
PU010_7,7.0
PU001_7,1.0
PU002_7,1.0
PU003_7A,999998.0
PU004_7A,1.0
PU005_7A,99999996.0
PU022_7A,2014.0
PU003_7B,40000.0
PU004_7B,10001.0
PU005_7B,99999.0
PU022_7B,2016.0
PU010_8,8.0
PU001_8,1.0
PU002_8,1.0
PU003_8A,9999998.0
PU004_8A,60001.0
PU005_8A,449999.0
PU006_8A,98.0
PU022_8A,2014.0
PU003_8B,99999998.0
PU004_8B,1.0
PU005_8B,99999996.0
PU006_8B,98.0
PU022_8B,2016.0
PU010_9,8.0
PU001_9,1.0
PU002_9,3.0
PU003_9A,9999998.0
PU004_9A,100001.0
PU005_9A,399999.0
PU006_9A,98.0
PU022_9A,2014.0
PU003_9B,99999998.0
PU004_9B,100001.0
PU005_9B,399999.0
PU006_9B,98.0
PU022_9B,2016.0
PU010_10,8.0
PU001_10,1.0
PU002_10,3.0
PU003_10A,200000.0
PU004_10A,10001.0
PU005_10A,99999.0
PU022_10A,2014.0
PU003_10B,200000.0
PU022_10B,2016.0
PU010_11,8.0
PU001_11,5.0
PU002_11,3.0
PU003_11A,99999998.0
PU004_11A,1.0
PU005_11A,99999996.0
PU006_11A,98.0
PU022_11A,2014.0
PU003_11B,9999998.0
PU004_11B,1.0
PU005_11B,99999996.0
PU006_11B,98.0
PU022_11B,2016.0
PU010_12,18.0
PU001_12,1.0
PU002_12,1.0
PU003_12A,9999998.0
PU004_12A,1.0
PU005_12A,99999996.0
PU006_12A,99.0
PU022_12A,2014.0
PU003_12B,300000.0
PU004_12B,1.0
PU005_12B,99999996.0
PU006_12B,99.0
PU022_12B,2016.0
PU010_13,17.0
PU001_13,1.0
PU002_13,1.0
PU003_13A,999998.0
PU004_13A,20001.0
PU005_13A,99999996.0
PU022_13A,2014.0
PU003_13B,120000.0
PU004_13B,100001.0
PU022_13B,2016.0
PU010_14,16.0
PU001_14,1.0
PU002_14,5.0
PU003_14A,999999.0
PU003_14B,999999.0
PU010_15,16.0
PU001_15,1.0
PU002_15,1.0
PU003_15A,175000.0
PU003_15B,135000.0
PU010_16,16.0
PU001_16,5.0
PU002_16,3.0
PU003_16A,75000.0
PU022_16A,2014.0
PU003_16B,350000.0
PU022_16B,2016.0
PU010_17,17.0
PU001_17,1.0
PU002_17,1.0
PU003_17A,9999998.0
PU004_17A,1.0
PU005_17A,99999996.0
PU006_17A,98.0
PU022_17A,2014.0
PU003_17B,150000.0
PU004_17B,50001.0
PU005_17B,149999.0
PU022_17B,2016.0
PU010_18,17.0
PU001_18,5.0
PU002_18,1.0
PU003_18A,60000.0
PU004_18A,75001.0
PU005_18A,149999.0
PU022_18A,2014.0
PU003_18B,50000.0
PU022_18B,2016.0
PFIN_RHP,56721010.0
PFAM_RHP,34768530.0
PCS_RHP,56753010.0
PMARST,1.0
PPRVIWMO,4.0
PPRVIWYR,2014.0
PRVIW,14.0
PMARSTD,1.0
PMARSTP,1.0
PPARTNR,0.0
P_CPL,1.0
PHASNEWP,0.0
PFP001,5.0
PFP002,91.0
PFP003,5.0
PFP004,1.0
PFP006,93.0
PFP007,2.0
PFP008,2011.0
PFP009,1.0
PFP010,1.0
PFP011,5.0
PFP012,88.0
PFP013,5.0
PFP014,1.0
PFP016,998.0
PFP017,98.0
PFP018,2011.0
PFP019,5.0
PFP020,5.0
PFP021,1.0
PFP022,5.0
PFP023,5.0
PFP024,1.0
PFP025,1.0
PFP026,1.0
PFP027,2.0
PFP029,602
PFP035,5.0
PFP038,1.0
PFP039,2.0
PFP041,1.0
PFP042,2.0
PFP043,2.0
PFP045,601
PFP046,1.0
PFP050,3.0
PFP051,5.0
PFP054,1.0
PFP055,2.0
PFP057,5.0
PFP058,3.0
PFP059,2.0
PFP061,602
PFP067,5.0
PFP070,1.0
PFP071,2.0
PFP073,0.0
PFP074,5.0
PFP075,1.0
PFP076,0.0
PFP077,1.0
PFP078,2.0
PFP080,1.0
PFP081,1.0
PFP104,5.0
PFP107_1,500.0
PFP109_1,5001.0
PFP110_1,99999996.0
PFP112,5.0
PFP117_1,601
PFP119,5.0
PFP122_1,9998.0
PFP124_1,0.0
PFP125_1,199.0
PFP127_1,0.0
PFP129_1,0.0
PFP130_1,199.0
PFP132,5.0
PFP137_1,601
PFP137_2,601
PFP139,5.0
PFP142_1,9998.0
PFP142_2,0.0
PFP144_1,501.0
PFP145_1,5000.0
PFP147_1,0.0
PFP149_1,0.0
PFP150_1,5000.0
PFP152,5.0
PFP154_1,500.0
PFP156_1,5001.0
PFP157_1,99999996.0
PFP036M,8.0
PFP052M,5.0
PFP068M,5.0
PFP105M1,1.0
PFP113M1,1.0
PFP1141A,603
PFP1141B,606
PFP1141C,608
PFP1141D,607
PFP1141E,601
PFP120M1,1.0
PFP133M1,1.0
PFP133M2,2.0
PFP1351A,601
PFP1351B,603
PFP1351C,603
PFP1351D,655
PFP1352A,606
PFP1352B,604
PFP140M1,1.0
PFP140M2,1.0
PFP153M1,1.0
PER063,99998.0
PER065,0.0
PER066,199.0
PER067,98.0
PER068,99998.0
PER070,0.0
PER071,199.0
PER072,98.0
PJF478,1.0
PJFP478,1.0
PQR012,5.0
PQP012,5.0
PQR010,5.0
PQR011,5.0
PQR065,1.0
PQR075,1.0
PQR106,1.0
PQR114,1.0
PQR120,1.0
PQR165_1,1.0
PQR165_2,1.0
PQR165_3,1.0
PQR183,1.0
PQR216,1.0
PQR274,1.0
PQR465,5.0
PQR490_1,14.0
PQR490_2,19.0
PQR014,5.0
PQR015,99999998.0
PQR016,0.0
PQR017,99999996.0
PQR018,99.0
PQR019,1.0
PQR020,999998.0
PQR021,0.0
PQR022,99999996.0
PQR023,99.0
PQR024,5.0
PQR025,9999998.0
PQR026,0.0
PQR027,99999996.0
PQR028,99.0
PQR029,5.0
PQR030,999998.0
PQR031,0.0
PQR032,99999996.0
PQR033,99.0
PQR034,5.0
PQR035,500.0
PQR036,0.0
PQR037,99999996.0
PQR038,99.0
PQR066,6000.0
PQR067,0.0
PQR068,99999996.0
PQR069,99.0
PQR076,99998.0
PQR077,0.0
PQR078,99999996.0
PQR079,99.0
PQR085,9998.0
PQR086,0.0
PQR087,99999996.0
PQR088,99.0
PQR089,9998.0
PQR090,5.0
PQR121,99998.0
PQR122,0.0
PQR123,99999996.0
PQR124,99.0
PQR125,9998.0
PQR126,11.0
PQR217,5.0
PQR218,1.0
PQR220_1,99998.0
PQR220_2,99998.0
PQR221_1,0.0
PQR221_2,0.0
PQR222_1,99999996.0
PQR222_2,99999996.0
PQR223_1,99.0
PQR223_2,98.0
PQR224_1,1.0
PQR224_2,5.0
PQR225_1,5.0
PQR225_2,5.0
PQR226_1,5.0
PQR226_2,5.0
PQR227_1,9999998.0
PQR227_2,9999998.0
PQR228_1,0.0
PQR228_2,0.0
PQR229_1,99999996.0
PQR229_2,99999996.0
PQR230_1,98.0
PQR230_2,98.0
PQR231_1,9998.0
PQR231_2,1998.5
PQR232_1,2.0
PQR232_2,2.0
PQR233_1,5.0
PQR233_2,5.0
PQR234_1,1.0
PQR234_2,1.0
PQR235_1,98.0
PQR235_2,98.0
PQR236_1,1.0
PQR236_2,1.0
PQR238,9998.0
PQR239,0.0
PQR240,99999996.0
PQR241,99.0
PQR242,5.0
PQR275,5.0
PQR276,1.0
PQR278_1,0.0
PQR278_2,0.0
PQR279_1,0.0
PQR279_2,0.0
PQR280_1,99999996.0
PQR280_2,99999996.0
PQR281_1,99.0
PQR281_2,99.0
PQR524_1,1.0
PQR524_2,1.0
PQR525_1,500.0
PQR525_2,1000.0
PQR282_1,5.0
PQR282_2,5.0
PQR283_1,9998.0
PQR283_2,9998.0
PQR284_1,98.0
PQR284_2,1.0
PQR285_1,5.0
PQR285_2,5.0
PQR286_1,1.0
PQR286_2,1.0
PQR287_1,98.0
PQR287_2,98.0
PQR288_1,1.0
PQR288_2,1.0
PQR290,99998.0
PQR291,0.0
PQR292,99999996.0
PQR293,98.0
PQR526,1.0
PQR527,1500.0
PQR294,5.0
PQP014,5.0
PQP015,99999998.0
PQP016,0.0
PQP017,99999996.0
PQP018,98.0
PQP019,1.0
PQP020,999998.0
PQP021,0.0
PQP022,99999996.0
PQP023,99.0
PQP024,5.0
PQP025,9999998.0
PQP026,0.0
PQP027,99999996.0
PQP028,98.0
PQP029,5.0
PQP030,999998.0
PQP031,0.0
PQP032,2499.0
PQP033,99.0
PQP034,5.0
PQP035,9999998.0
PQP036,0.0
PQP037,99999996.0
PQP066,6000.0
PQP076,99998.0
PQP077,3001.0
PQP078,99999996.0
PQP085,9998.0
PQP086,0.0
PQP087,99999996.0
PQP088,99.0
PQP089,9998.0
PQP090,5.0
PQP121,99998.0
PQP122,0.0
PQP123,99999996.0
PQP124,99.0
PQP125,9998.0
PQP126,98.0
PQP217,5.0
PQP218,1.0
PQP220_1,99998.0
PQP220_2,99998.0
PQP221_1,0.0
PQP221_2,0.0
PQP222_1,99999996.0
PQP222_2,99999996.0
PQP223_1,99.0
PQP223_2,98.0
PQP224_1,1.0
PQP224_2,5.0
PQP225_1,5.0
PQP225_2,5.0
PQP226_1,5.0
PQP226_2,5.0
PQP227_1,9999998.0
PQP227_2,9999998.0
PQP228_1,0.0
PQP228_2,0.0
PQP229_1,99999996.0
PQP229_2,99999996.0
PQP230_1,98.0
PQP231_1,1995.0
PQP231_2,1995.0
PQP232_1,6.0
PQP232_2,1.0
PQP233_1,5.0
PQP233_2,5.0
PQP234_1,1.0
PQP234_2,1.0
PQP235_1,98.0
PQP235_2,98.0
PQP236_1,1.0
PQP236_2,1.0
PQP238,1300.0
PQP239,151.0
PQP240,399.0
PQP241,99.0
PQP242,1.0
PQP275,5.0
PQP276,1.0
PQP278_1,99998.0
PQP278_2,0.0
PQP279_1,0.0
PQP279_2,0.0
PQP280_1,99999996.0
PQP280_2,99999996.0
PQP281_1,99.0
PQP281_2,99.0
PQP524_1,5.0
PQP524_2,1.0
PQP525_1,500.0
PQP525_2,1000.0
PQP282_1,5.0
PQP282_2,5.0
PQP283_1,9998.0
PQP283_2,9998.0
PQP284_1,9.0
PQP284_2,2.0
PQP285_1,5.0
PQP285_2,5.0
PQP286_1,1.0
PQP286_2,1.0
PQP287_1,98.0
PQP287_2,98.0
PQP288_1,2.0
PQP288_2,1.0
PQP290,99999.0
PQP291,0.0
PQP293,99.0
PQP294,5.0
PJR478A,1.0
PJP478A,1.0
PQR015R,10000.0
PQR020R,3075.0
PQR025R,10000.0
PQR030R,1000.0
PQR035R,3000.0
PQP015R,10000.0
PQP020R,1100.0
PQP025R,10000.0
PQP030R,2000.0
PQP035R,600.0
PQ143R,3999.0
PQ157R,0.0
PQ326R,0.0
PQ340R,0.0
PQ354R,0.0
PQ366R,0.0
PQ381R,10000.0
PQ488_1R,10000.0
PQ488_1A,0.0
PQ488_1Y,0.0
PQ488_2R,100000.0
PQ488_2A,0.0
PQ488_2Y,0.0
PQ115R,80.0
PQ396R,9950.0
PQ107M,12.0
PQ107R,733.0
PQ107A,5992.0
PQ406R,0.0
PQ406M,0.0
PQ406A,0.0
PQ410R,16.0
PQ410M,12.0
PQ410A,0.0
PQR278M1,12.0
PQR278R1,1000.0
PQR278A1,0.0
PQP278M1,12.0
PQP278R1,0.0
PQP278A1,0.0
PQR220M1,12.0
PQR220R1,1900.0
PQR220A1,13680.0
PQP220M1,12.0
PQP220R1,750.0
PQP220A1,9000.0
PQR278M2,12.0
PQR278R2,0.0
PQR278A2,0.0
PQP278M2,12.0
PQP278R2,0.0
PQP278A2,0.0
PQR220M2,12.0
PQR220R2,3000.0
PQR220A2,11514.0
PQP220M2,12.0
PQP220R2,500.0
PQP220A2,6534.0
PQR290R,0.0
PQR290A,0.0
PQP290R,125.0
PQP290A,1500.0
PQR238R,0.0
PQR238A,0.0
PQP238R,1300.0
PQP238A,15600.0
PQR121M,12.0
PQR121R,133.0
PQR121A,12000.0
PQP121M,12.0
PQP121R,2000.0
PQP121A,85104.0
PQR066R,6000.0
PQP066R,6000.0
PQR076R,10000.0
PQP076R,10000.0
PQR085M,12.0
PQR085R,1200.0
PQR085A,18000.0
PQP085M,12.0
PQP085R,1500.0
PQP085A,18000.0
